Year,Age,Gravidity,Marital Status,Gestation Weeks,Visit Count,Weight (kg),Systolic BP,Diastolic BP,IPT Doses
2021,37.0,5.0,Married ,28.0,2.0,101,109,71.0,2
2021,25.0,2.0,Married ,37.0,3.0,92,124,82.0,0
2021,32.0,1.0,Married ,24.0,3.0,85,116,69.0,3
2021,22.0,1.0,Single ,34.0,2.0,70,133,79.0,2
2021,25.0,1.0,Married ,30.0,3.0,83,135,71.0,1
2021,36.0,1.0,Married ,20.0,2.0,58,118,68.0,5
2021,20.0,1.0,Married ,28.0,1.0,53,112,75.0,0
2021,27.0,1.0,Married ,36.0,1.0,74,126,71.0,2
2021,20.0,1.0,Married ,28.0,1.0,73,116,68.0,1
2021,20.0,1.0,Married ,37.0,1.0,60,119,80.0,0
2021,21.0,1.0,Married ,28.0,1.0,71,113,61.0,2
2021,22.0,2.0,Married ,28.0,2.0,53,93,52.0,0
2021,32.0,4.0,Married ,28.0,2.0,58,141,81.0,3
2021,23.0,6.0,Married ,28.0,3.0,71,113,63.0,2
2021,24.0,1.0,Married ,28.0,2.0,63,124,69.0,3
2021,32.0,1.0,Married ,30.0,4.0,69,109,68.0,3
2021,22.0,4.0,Married ,20.0,3.0,69,124,71.0,0
2021,22.0,1.0,Married ,28.0,1.0,57,115,65.0,1
2021,28.0,1.0,Married ,28.0,2.0,71,114,64.0,4
2021,32.0,4.0,Married ,24.0,3.0,67,101,41.0,3
2021,25.0,1.0,Married ,21.0,3.0,62,117,78.0,3
2021,34.0,3.0,Single ,12.0,3.0,61,116,62.0,3
2021,27.0,1.0,Married ,12.0,4.0,59.5,111,51.0,3
2021,26.0,7.0,Married ,20.0,3.0,66,113,74.0,3
2021,28.0,2.0,Married ,21.0,2.0,60,115,69.0,2
2021,23.0,1.0,Married ,37.0,2.0,55,92,61.0,2
2021,35.0,3.0,Married ,28.0,3.0,67,112,62.0,3
2021,19.0,1.0,Married ,24.0,3.0,62,121,54.0,3
2021,32.0,7.0,Divorced ,28.0,3.0,63,112,71.0,3
2021,27.0,3.0,Married ,21.0,3.0,61,91,60.0,3
2021,18.0,3.0,Married ,25.0,3.0,69,114,58.0,3
2021,22.0,1.0,Married ,21.0,1.0,53,109,58.0,0
2021,28.0,5.0,Single ,6.0,1.0,82.5,122,71.0,0
2021,25.0,3.0,Married ,21.0,4.0,72,113,70.0,1
2021,32.0,1.0,Married ,30.0,3.0,61,104,61.0,3
2021,29.0,3.0,Married ,38.0,3.0,73,98,70.0,6
2021,23.0,3.0,Married ,21.0,3.0,50,119,70.0,3
2021,25.0,1.0,Married ,21.0,3.0,69,96,70.0,2
2021,27.0,3.0,Married ,21.0,4.0,40.5,120,70.0,4
2021,30.0,1.0,Married ,24.0,2.0,73.5,119,62.0,2
2021,23.0,1.0,Married ,28.0,4.0,57,135,87.0,3
2021,29.0,1.0,Married ,32.0,6.0,57,160,97.0,6
2021,28.0,4.0,Married ,36.0,7.0,83,124,83.0,4
2021,33.0,4.0,Married ,24.0,4.0,78.5,132,85.0,5
2021,23.0,1.0,Married ,53.0,5.0,40,104,69.0,3
2021,24.0,2.0,Married ,24.0,5.0,77,136,77.0,3
2021,29.0,3.0,Married ,24.0,3.0,93,157,93.0,5
2021,20.0,1.0,Married ,20.0,3.0,62,132,62.0,2
2021,22.0,2.0,Married ,32.0,5.0,93,162,93.0,4
2021,24.0,3.0,Married ,21.0,4.0,107,157,107.0,2
2021,36.0,3.0,Married ,28.0,2.0,56,109,60.0,1
2021,25.0,2.0,Married ,16.0,1.0,81,160,81.0,0
2021,25.0,1.0,Married ,24.0,1.0,52,114,52.0,0
2021,21.0,1.0,Married ,24.0,1.0,52,114,52.0,0
2021,28.0,2.0,Married ,28.0,1.0,52,114,52.0,1
2021,19.0,3.0,Married ,28.0,1.0,52,161,52.0,1
2021,31.0,1.0,Married ,36.0,3.0,59,129,59.0,4
2021,23.0,1.0,Single ,28.0,3.0,74,151,74.0,1
2021,22.0,1.0,Married ,28.0,4.0,52,152,52.0,1
2021,30.0,3.0,Married ,32.0,4.0,52,146,52.0,5
2021,23.0,1.0,Married ,34.0,1.0,65,139,65.0,2
2021,30.0,3.0,Married ,37.0,5.0,84,126,62.0,4
2021,21.0,1.0,Married ,32.0,2.0,82.2,122,82.0,2
2021,25.0,2.0,Married ,28.0,2.0,71,119,63.0,2
2021,26.0,2.0,Married ,28.0,3.0,66,100,61.0,3
2021,22.0,2.0,Married ,28.0,4.0,66,100,61.0,4
2021,30.0,6.0,Married ,39.0,2.0,77,94,60.0,1
2021,23.0,2.0,Married ,36.0,5.0,60,101,63.0,6
2021,25.0,4.0,Married ,24.0,2.0,64,112,72.0,4
2021,25.0,1.0,Married ,20.0,2.0,64,112,72.0,2
2021,23.0,3.0,Married ,28.0,2.0,64,112,72.0,2
2021,31.0,4.0,Married ,28.0,1.0,75,118,75.0,0
2021,24.0,1.0,Married ,16.0,1.0,48,94,61.0,0
2021,24.0,1.0,Married ,36.0,2.0,56,100,60.0,1
2021,31.0,1.0,Married ,28.0,4.0,56,100,60.0,5
2021,29.0,4.0,Married ,28.0,1.0,58,90,56.0,1
2021,29.0,1.0,Married ,24.0,1.0,73.5,102,70.0,1
2021,27.0,1.0,Married ,28.0,3.0,70,110,70.0,3
2021,34.0,3.0,Married ,16.0,2.0,77.5,122,70.0,2
2021,24.0,1.0,Married ,34.0,2.0,80,122,80.0,2
2021,28.0,2.0,Married ,36.0,6.0,62.5,120,70.0,6
2021,23.0,3.0,Married ,28.0,6.0,73,116,70.0,6
2021,22.0,3.0,Married ,16.0,1.0,72,136,70.0,1
2021,29.0,1.0,Married ,28.0,3.0,64,105,64.0,1
2021,27.0,3.0,Married ,20.0,4.0,74,120,74.0,2
2021,37.0,9.0,Married ,37.0,2.0,73,117,86.0,2
2021,31.0,2.0,Married ,31.0,3.0,56,125,68.0,3
2021,25.0,2.0,Married ,24.0,2.0,48,105,70.0,3
2021,27.0,3.0,Married ,28.0,1.0,75,107,68.0,4
2021,24.0,1.0,Married ,26.0,3.0,80,125,66.0,4
2021,34.0,4.0,Married ,24.0,2.0,74,96,60.0,1
2021,35.0,7.0,Married ,30.0,2.0,59,114,70.0,2
2021,21.0,2.0,Married ,24.0,3.0,100.5,127,81.0,2
2021,20.0,1.0,Married ,30.0,3.0,80,123,80.0,3
2021,35.0,7.0,Married ,28.0,1.0,57,127,86.0,1
2021,27.0,4.0,Married ,23.0,1.0,85.5,128,85.0,1
2021,36.0,3.0,Married ,36.0,1.0,50.5,121,71.0,1
2021,36.0,2.0,Married ,26.0,1.0,55,114,70.0,1
2021,24.0,1.0,Married ,26.0,1.0,60,115,70.0,1
2021,24.0,1.0,Married ,30.0,3.0,68,108,68.0,3
2021,30.0,3.0,Married ,20.0,3.0,80.5,120,68.0,2
2021,24.0,1.0,Married ,38.0,5.0,62.2,120,68.0,3
2021,32.0,1.0,Married ,27.0,4.0,60,100,60.0,4
2021,23.0,4.0,Married ,26.0,1.0,57.5,100,61.0,1
2021,22.0,3.0,Married ,36.0,1.0,72,136,70.0,4
2021,30.0,3.0,Married ,26.0,1.0,87,120,71.0,1
2021,31.0,3.0,Married ,26.0,4.0,63,110,63.0,4
2021,29.0,4.0,Married ,20.0,5.0,63,110,70.0,2
2021,32.0,4.0,Married ,28.0,3.0,69,114,84.0,5
2021,27.0,1.0,Married ,28.0,1.0,55.5,128,69.0,1
2021,21.0,2.0,Married ,36.0,1.0,52.5,112,60.0,3
2021,33.0,2.0,Married ,33.0,1.0,57.5,114,63.0,2
2021,23.0,2.0,Married ,12.0,1.0,63.5,118,78.0,3
2021,30.0,5.0,Married ,24.0,1.0,50.5,112,61.0,3
2021,22.0,2.0,Married ,22.0,1.0,62.5,114,70.0,3
2021,24.0,8.0,Married ,22.0,1.0,62.5,114,70.0,1
2021,29.0,3.0,Married ,26.0,3.0,69.5,116,70.0,3
2021,35.0,1.0,Married ,36.0,7.0,97.5,107,71.0,1
2021,30.0,9.0,Married ,28.0,3.0,74,122,68.0,3
2021,35.0,3.0,Married ,26.0,2.0,51.5,99,53.0,2
2021,29.0,3.0,Married ,26.0,2.0,50,115,58.0,2
2021,33.0,1.0,Married ,16.0,2.0,79,110,60.0,4
2021,37.0,1.0,Married ,36.0,5.0,79,132,61.0,2
2021,18.0,1.0,Married ,22.0,3.0,87,122,61.0,3
2021,27.0,4.0,Married ,40.0,1.0,69,112,66.0,1
2021,25.0,1.0,Married ,36.0,3.0,74,112,66.0,5
2021,28.0,2.0,Married ,26.0,5.0,74,112,66.0,3
2021,30.0,4.0,Married ,36.0,4.0,53.5,97,53.0,4
2021,24.0,1.0,Married ,36.0,2.0,46.5,128,46.0,2
2021,30.0,5.0,Married ,36.0,5.0,60,120,60.0,5
2021,27.0,5.0,Married ,26.0,3.0,51,113,51.0,3
2021,33.0,3.0,Married ,39.0,2.0,68,115,68.0,2
2021,25.0,2.0,Married ,28.0,4.0,81,133,81.0,4
2021,28.0,2.0,Married ,39.0,3.0,87,128,87.0,3
2021,40.0,5.0,Married ,24.0,4.0,104,124,104.0,4
2021,24.0,2.0,Married ,39.0,1.0,61.5,108,61.0,1
2021,28.0,1.0,Married ,36.0,4.0,82.5,123,82.0,4
2021,23.0,2.0,Married ,35.0,2.0,61.5,106,61.0,2
2021,27.0,4.0,Married ,24.0,1.0,87.5,124,87.0,1
2021,30.0,1.0,Married ,36.0,2.0,103,120,103.0,0
2021,17.0,1.0,Divorced ,24.0,1.0,57,120,57.0,1
2021,22.0,1.0,Divorced ,24.0,1.0,41.5,119,41.0,2
2021,38.0,3.0,Married ,32.0,4.0,64,101,64.0,4
2021,35.0,7.0,Married ,36.0,4.0,50,91,50.0,4
2021,29.0,3.0,Married ,39.0,1.0,87,121,87.0,1
2021,24.0,1.0,Married ,24.0,4.0,58.5,96,58.0,4
2021,28.0,4.0,Married ,36.0,1.0,60,115,60.0,1
2021,35.0,6.0,Married ,32.0,2.0,47,124,47.0,2
2021,25.0,3.0,Married ,25.0,4.0,108.5,128,108.0,3
2021,33.0,3.0,Married ,30.0,7.0,59,122,76.0,7
2021,27.0,1.0,Single ,30.0,6.0,98,149,81.0,1
2021,35.0,3.0,Married ,24.0,1.0,73,112,73.0,1
2021,20.0,1.0,Married ,30.0,3.0,64,112,64.0,3
2021,20.0,1.0,Married ,34.0,6.0,59,99,66.0,4
2021,20.0,1.0,Married ,36.0,2.0,52.5,99,62.0,3
2021,26.0,1.0,Married ,26.0,4.0,67.5,128,70.0,4
2021,35.0,5.0,Married ,36.0,2.0,70,100,61.0,2
2021,30.0,4.0,Married ,29.0,2.0,106,111,53.0,2
2021,24.0,1.0,Married ,28.0,2.0,46,111,61.0,2
2021,28.0,4.0,Married ,36.0,1.0,85,129,61.0,1
2021,39.0,5.0,Married ,36.0,3.0,80,107,71.0,2
2021,38.0,2.0,Married ,31.0,5.0,78.5,124,71.0,1
2021,21.0,4.0,Married ,29.0,2.0,61,108,61.0,2
2021,20.0,2.0,Married ,32.0,2.0,70,112,62.0,2
2021,23.0,3.0,Married ,36.0,4.0,62,110,60.0,2
2021,31.0,3.0,Married ,24.0,2.0,81.3,123,77.0,1
2021,29.0,2.0,Married ,20.0,1.0,61,108,61.0,1
2021,22.0,4.0,Married ,34.0,1.0,62,112,60.0,1
2021,41.0,6.0,Married ,34.0,4.0,62.5,112,60.0,3
2021,28.0,2.0,Married ,29.0,4.0,70,108,62.0,4
2021,32.0,7.0,Married ,27.0,2.0,72,112,70.0,4
2021,40.0,4.0,Married ,28.0,1.0,54.5,108,72.0,5
2021,37.0,1.0,Married ,28.0,2.0,48,105,65.0,2
2021,24.0,1.0,Married ,37.0,7.0,56,125,76.0,7
2021,22.0,1.0,Married ,39.0,7.0,92,118,70.0,1
2021,35.0,1.0,Married ,32.0,2.0,58,123,77.0,1
2021,27.0,1.0,Married ,30.0,4.0,65,121,71.0,2
2021,27.0,4.0,Married ,31.0,3.0,7,120,70.0,3
2021,28.0,4.0,Married ,32.0,4.0,81,121,81.0,4
2021,30.0,1.0,Married ,32.0,3.0,72.5,108,72.0,3
2021,30.0,5.0,Married ,27.0,3.0,100.5,109,67.0,3
2021,37.0,6.0,Married ,37.0,4.0,65,119,58.0,4
2021,37.0,5.0,Married ,29.0,1.0,95,140,70.0,1
2021,27.0,2.0,Married ,27.0,5.0,65,119,70.0,5
2021,27.0,1.0,Married ,24.0,2.0,60,118,60.0,2
2021,27.0,2.0,Married ,36.0,5.0,58,146,60.0,5
2021,20.0,2.0,Married ,29.0,4.0,55,108,62.0,4
2021,29.0,2.0,Single ,22.0,4.0,48,108,72.0,4
2021,38.0,1.0,Married ,29.0,4.0,71,119,66.0,1
2021,29.0,1.0,Married ,35.0,4.0,69.5,106,64.0,4
2021,29.0,3.0,Married ,32.0,2.0,74,123,74.0,2
2021,24.0,1.0,Married ,20.0,1.0,60,113,70.0,1
2021,22.0,2.0,Married ,37.0,3.0,51.6,119,73.0,3
2021,40.0,1.0,Married ,28.0,1.0,82.5,128,76.0,5
2021,37.0,3.0,Married ,28.0,2.0,48,128,65.0,2
2021,22.0,2.0,Married ,37.0,7.0,56,120,70.0,7
2021,22.0,1.0,Married ,39.0,7.0,92,120,70.0,1
2021,35.0,2.0,Married ,32.0,2.0,58,118,75.0,1
2021,23.0,3.0,Married ,30.0,4.0,65,121,71.0,2
2021,27.0,1.0,Married ,31.0,3.0,7,120,70.0,3
2021,28.0,2.0,Married ,32.0,4.0,81,121,81.0,4
2021,30.0,2.0,Married ,32.0,3.0,72.5,108,72.0,3
2021,30.0,3.0,Married ,27.0,3.0,100.5,109,67.0,3
2021,37.0,3.0,Married ,37.0,4.0,65,119,58.0,4
2021,37.0,1.0,Married ,29.0,1.0,95,140,75.0,1
2021,27.0,2.0,Married ,27.0,5.0,65,119,70.0,5
2021,27.0,2.0,Married ,24.0,2.0,60,118,60.0,2
2021,27.0,4.0,Married ,36.0,5.0,58,146,60.0,5
2021,20.0,2.0,Married ,29.0,4.0,55,108,62.0,4
2021,29.0,5.0,Single ,22.0,4.0,48,108,72.0,4
2021,38.0,2.0,Married ,29.0,4.0,71,119,66.0,1
2021,29.0,1.0,Married ,35.0,4.0,69.5,106,64.0,4
2021,29.0,1.0,Married ,32.0,2.0,74,123,74.0,2
2021,24.0,1.0,Married ,20.0,1.0,60,113,70.0,1
2021,22.0,1.0,Married ,37.0,3.0,51.6,119,73.0,3
2021,24.0,1.0,Married ,27.0,3.0,86,104,64.0,3
2021,20.0,1.0,Married ,26.0,3.0,69,119,62.0,3
2021,30.0,1.0,Married ,36.0,3.0,103,103,67.0,3
2021,27.0,1.0,Married ,32.0,6.0,106,118,71.0,5
2021,31.0,1.0,Married ,26.0,1.0,75,116,60.0,1
2021,32.0,2.0,Married ,30.0,5.0,58,111,64.0,3
2021,21.0,4.0,Single ,24.0,3.0,57,86,54.0,3
2021,20.0,6.0,Single ,22.0,3.0,50,116,58.0,3
2021,27.0,1.0,Single ,37.0,2.0,56,98,60.0,1
2021,32.0,1.0,Married ,28.0,6.0,70,148,78.0,6
2021,22.0,4.0,Married ,36.0,1.0,85,110,80.0,3
2021,30.0,1.0,Married ,25.0,3.0,58,122,84.0,2
2021,24.0,1.0,Married ,28.0,2.0,75,109,70.0,2
2021,31.0,4.0,Married ,29.0,2.0,54,102,60.0,2
2021,23.0,1.0,Married ,27.0,2.0,86,126,72.0,2
2021,25.0,3.0,Married ,30.0,5.0,82,118,84.0,5
2021,31.0,1.0,Married ,36.0,2.0,67,104,86.0,2
2021,27.0,7.0,Married ,36.0,2.0,55,100,71.0,2
2021,33.0,2.0,Married ,30.0,5.0,74,109,71.0,5
2021,25.0,1.0,Married ,34.0,2.0,68,118,78.0,2
2021,35.0,3.0,Married ,28.0,2.0,69,120,80.0,2
2021,35.0,1.0,Married ,28.0,2.0,65,120,80.0,3
2021,27.0,7.0,Married ,36.0,2.0,66,120,60.0,2
2021,34.0,3.0,Married ,28.0,3.0,60,120,60.0,2
2021,25.0,2.0,Married ,26.0,2.0,51,98,64.0,2
2021,32.0,4.0,Married ,30.0,2.0,80,102,69.0,2
2021,31.0,1.0,Married ,31.0,2.0,78,110,68.0,2
2021,36.0,1.0,Married ,32.0,2.0,77.5,116,58.0,2
2021,24.0,3.0,Married ,26.0,2.0,44,110,71.0,2
2021,27.0,2.0,Married ,22.0,2.0,57.5,100,66.0,2
2021,32.0,1.0,Married ,26.0,1.0,68.5,104,70.0,1
2021,20.0,1.0,Married ,38.0,1.0,71,127,78.0,1
2021,21.0,1.0,Married ,26.0,3.0,65,110,70.0,3
2021,33.0,1.0,Married ,26.0,2.0,73,112,55.0,2
2021,23.0,1.0,Married ,34.0,4.0,73.5,121,61.0,4
2021,33.0,2.0,Married ,26.0,3.0,80,119,66.0,3
2021,30.0,1.0,Single ,36.0,2.0,80,111,63.0,2
2021,31.0,1.0,Married ,30.0,3.0,8.3,116,64.0,3
2021,24.0,4.0,Married ,26.0,3.0,74,134,79.0,3
2021,27.0,2.0,Single ,24.0,4.0,68.5,126,69.0,4
2021,22.0,3.0,Single ,28.0,3.0,55,104,55.0,3
2021,24.0,2.0,Married ,30.0,5.0,66.5,105,68.0,5
2021,23.0,1.0,Married ,32.0,3.0,76,120,70.0,3
2021,45.0,2.0,Married ,36.0,2.0,93,119,73.0,2
2021,19.0,1.0,Married ,26.0,3.0,86,105,78.0,3
2021,24.0,1.0,Married ,26.0,2.0,46,108,70.0,2
2021,39.0,2.0,Married ,20.0,3.0,65,117,68.0,5
2021,31.0,1.0,Married ,34.0,4.0,58.5,122,89.0,4
2021,38.0,2.0,Married ,28.0,1.0,68,109,66.0,1
2021,24.0,4.0,Married ,28.0,1.0,73,123,72.0,1
2021,17.0,6.0,Single ,26.0,2.0,55,95,66.0,2
2021,34.0,1.0,Married ,29.0,3.0,80,111,75.0,3
2021,33.0,1.0,Married ,22.0,3.0,79.5,129,82.0,3
2021,26.0,4.0,Married ,30.0,4.0,56.5,104,52.0,2
2021,21.0,1.0,Married ,34.0,3.0,54,102,56.0,3
2021,25.0,1.0,Married ,24.0,1.0,71.2,98,56.0,1
2021,28.0,4.0,Single ,28.0,2.0,71,117,69.0,2
2021,25.0,1.0,Married ,25.0,2.0,68,101,63.0,2
2021,30.0,3.0,Married ,20.0,3.0,75,117,69.0,3
2021,23.0,1.0,Married ,30.0,3.0,56,127,61.0,3
2021,33.0,7.0,Married ,24.0,4.0,55,94,70.0,4
2021,35.0,2.0,Married ,23.0,3.0,70,126,60.0,3
2021,20.0,1.0,Married ,28.0,1.0,51,108,62.0,1
2021,23.0,3.0,Married ,26.0,1.0,51,104,60.0,1
2021,24.0,1.0,Married ,25.0,1.0,49,130,74.0,1
2021,25.0,7.0,Married ,24.0,2.0,49,102,68.0,2
2021,38.0,3.0,Married ,34.0,4.0,75.3,112,67.0,4
2021,19.0,3.0,Married ,28.0,2.0,51,115,69.0,2
2021,26.0,1.0,Married ,24.0,5.0,56.5,127,76.0,5
2021,31.0,5.0,Married ,28.0,3.0,58,113,61.0,3
2021,29.0,6.0,Married ,30.0,2.0,57,113,66.0,2
2021,34.0,5.0,Married ,28.0,2.0,55,119,73.0,2
2021,37.0,2.0,Married ,28.0,3.0,88,101,52.0,3
2021,24.0,1.0,Single ,28.0,3.0,65,113,64.0,3
2021,27.0,2.0,Married ,24.0,1.0,69,179.5,67.0,1
2021,37.0,2.0,Single ,28.0,6.0,65,161,89.0,3
2021,34.0,2.0,Married ,30.0,2.0,57,163,52.0,2
2021,27.0,1.0,Married ,30.0,2.0,64,160,64.0,2
2021,39.0,1.0,Married ,10.0,4.0,58,153,58.0,4
2021,35.0,3.0,Married ,14.0,1.0,63,156,68.0,1
2021,25.0,1.0,Married ,24.0,1.0,65,104,65.0,1
2021,23.0,2.0,Married ,24.0,2.0,75,149,75.0,2
2021,25.0,1.0,Married ,28.0,2.0,74,186,74.5,2
2021,34.0,3.0,Married ,28.0,2.0,75.5,160,62.0,2
2021,34.0,2.0,Married ,18.0,2.0,66.5,120,70.0,2
2021,30.0,1.0,Single ,27.0,1.0,84,124,60.0,1
2021,28.0,2.0,Married ,26.0,1.0,77,113,71.0,1
2021,17.0,3.0,Married ,22.0,2.0,50,116,62.0,2
2021,40.0,1.0,Single ,36.0,1.0,68.5,103,68.0,1
2021,32.0,2.0,Married ,33.0,2.0,76.5,135,86.0,2
2021,35.0,2.0,Married ,26.0,2.0,58,123,74.0,2
2021,40.0,3.0,Married ,24.0,5.0,102,113,66.0,2
2021,24.0,3.0,Married ,28.0,3.0,45,116,60.0,2
2021,29.0,1.0,Married ,32.0,4.0,51,116,62.0,4
2021,24.0,1.0,Married ,24.0,3.0,76,122,64.0,2
2021,33.0,4.0,Married ,31.0,2.0,62,101,59.0,2
2021,36.0,3.0,Married ,38.0,2.0,56,114,64.0,2
2021,23.0,1.0,Married ,32.0,4.0,68,120,75.0,4
2021,24.0,3.0,Married ,20.0,2.0,65,128,76.0,2
2021,22.0,3.0,Married ,28.0,4.0,62,128,66.0,2
2021,29.0,1.0,Married ,28.0,2.0,55,98,61.0,2
2021,24.0,1.0,Married ,28.0,2.0,65,119,67.0,2
2021,24.0,1.0,Married ,26.0,4.0,71,104,58.0,4
2021,31.0,4.0,Married ,26.0,2.0,65,114,63.0,2
2021,22.0,1.0,Married ,28.0,2.0,80,111,67.0,2
2021,28.0,1.0,Married ,30.0,4.0,87.5,139,82.0,4
2021,23.0,3.0,Married ,26.0,5.0,57.7,113,68.0,4
2021,20.0,2.0,Married ,27.0,3.0,61,108,65.0,4
2021,24.0,2.0,Married ,20.0,2.0,57.5,108,70.0,2
2021,25.0,3.0,Married ,20.0,2.0,75,122,71.0,2
2021,25.0,2.0,Married ,28.0,2.0,56,124,82.0,4
2021,27.0,4.0,Married ,26.0,2.0,69,108,66.0,2
2021,22.0,1.0,Married ,36.0,2.0,50,99,70.0,2
2021,27.0,4.0,Married ,38.0,2.0,,102,72.0,2
2021,24.0,2.0,Married ,28.0,2.0,82,123,79.0,2
2021,25.0,1.0,Married ,26.0,2.0,42,114,74.0,2
2021,25.0,1.0,Married ,28.0,4.0,59.5,114,68.0,4
2021,33.0,1.0,Married ,36.0,3.0,81,109,64.0,3
2021,22.0,3.0,Married ,28.0,2.0,55.5,115,69.0,2
2021,30.0,2.0,Married ,30.0,2.0,60,104,70.0,2
2021,32.0,1.0,Married ,20.0,2.0,61,100,70.0,2
2021,28.0,2.0,Married ,24.0,2.0,105,133,82.0,2
2021,35.0,1.0,Married ,24.0,1.0,88,114,88.0,1
2021,23.0,2.0,Married ,24.0,1.0,54,115,60.0,1
2021,42.0,1.0,Married ,30.0,1.0,87,119,87.0,1
2021,37.0,1.0,Married ,36.0,5.0,79,110,62.0,4
2021,24.0,1.0,Married ,20.0,3.0,48,97,60.0,3
2021,30.0,6.0,Married ,23.0,2.0,64,121,80.0,4
2021,31.0,1.0,Married ,34.0,1.0,73,114,71.0,2
2021,38.0,2.0,Married ,34.0,2.0,83,120,72.0,2
2021,30.0,1.0,Married ,36.0,5.0,76,114,88.0,3
2021,31.0,5.0,Married ,36.0,1.0,66,112,72.0,1
2021,31.0,1.0,Married ,28.0,2.0,76,112,67.0,1
2021,36.0,1.0,Married ,37.0,4.0,101,106,78.0,4
2021,24.0,1.0,Married ,36.0,4.0,88,112,66.0,4
2021,29.0,1.0,Married ,29.0,3.0,59,102,85.0,3
2021,37.0,7.0,Married ,27.0,2.0,95,142,85.0,2
2021,23.0,3.0,Married ,39.0,6.0,67,118,78.0,6
2021,26.0,1.0,Married ,36.0,4.0,74,126,94.0,4
2021,26.0,1.0,Married ,36.0,5.0,69,122,80.0,5
2021,32.0,3.0,Married ,30.0,3.0,82,134,78.0,3
2021,27.0,1.0,Married ,29.0,3.0,59.5,122,81.0,2
2021,33.0,1.0,Married ,28.0,2.0,78,135,81.0,2
2021,26.0,2.0,Married ,29.0,4.0,76,138,66.0,4
2021,22.0,4.0,Married ,29.0,2.0,62,117,62.0,2
2021,32.0,1.0,Married ,24.0,2.0,69,108,62.0,2
2021,31.0,1.0,Married ,36.0,3.0,77,127,82.0,3
2021,36.0,3.0,Married ,24.0,4.0,90,142,81.0,4
2021,31.0,2.0,Married ,24.0,5.0,70,117,64.0,5
2021,29.0,1.0,Married ,37.0,3.0,75,112,65.0,3
2021,27.0,1.0,Single ,28.0,4.0,59,104,70.0,4
2021,30.0,1.0,Married ,20.0,2.0,73,118,70.0,2
2021,27.0,1.0,Married ,32.0,3.0,61,112,67.0,3
2021,24.0,1.0,Married ,28.0,4.0,69,125,66.0,4
2021,20.0,2.0,Married ,28.0,1.0,57,100,58.0,1
2021,24.0,1.0,Married ,28.0,2.0,85,105,68.0,2
2021,35.0,1.0,Married ,34.0,3.0,85,121,69.0,3
2021,18.0,4.0,Married ,28.0,1.0,64,107,58.0,3
2021,21.0,2.0,Married ,30.0,3.0,55,107,57.0,4
2021,33.0,3.0,Married ,30.0,4.0,85,120,60.0,3
2021,29.0,2.0,Married ,28.0,3.0,50,105,65.0,2
2021,32.0,1.0,Married ,37.0,5.0,65,102,60.0,5
2021,29.0,2.0,Married ,24.0,3.0,62,100,60.0,2
2021,26.0,5.0,Married ,22.0,2.0,56,94,60.0,2
2021,26.0,1.0,Married ,34.0,6.0,70,103,64.0,6
2021,25.0,1.0,Married ,28.0,3.0,84,118,78.0,3
2021,33.0,1.0,Married ,28.0,3.0,75,99,60.0,3
2021,20.0,4.0,Married ,28.0,2.0,60,138,81.0,2
2021,21.0,1.0,Married ,28.0,3.0,68,100,60.0,3
2021,27.0,3.0,Married ,34.0,4.0,59,109,71.0,4
2021,17.0,3.0,Married ,37.0,3.0,58,98,60.0,3
2021,26.0,1.0,Married ,28.0,2.0,70,112,72.0,3
2021,21.0,4.0,Single ,30.0,5.0,74,100,71.0,4
2021,22.0,3.0,Married ,24.0,2.0,72,109,68.0,2
2021,22.0,1.0,Married ,28.0,3.0,53,119,76.0,3
2021,22.0,3.0,Married ,22.0,3.0,62,111,68.0,3
2021,35.0,3.0,Married ,36.0,3.0,58,102,68.0,3
2021,33.0,1.0,Married ,32.0,4.0,86,112,70.0,4
2021,21.0,1.0,Married ,32.0,1.0,73,112,81.0,1
2021,27.0,1.0,Married ,28.0,1.0,59,100,63.0,1
2021,24.0,4.0,Married ,32.0,2.0,77,119,63.0,2
2021,21.0,1.0,Married ,26.0,3.0,77.5,110,62.0,3
2021,38.0,1.0,Married ,32.0,1.0,80.2,108,62.0,1
2021,20.0,3.0,Married ,28.0,1.0,88,110,70.0,1
2021,25.0,2.0,Married ,28.0,3.0,77,114,77.0,3
2021,27.0,2.0,Married ,28.0,3.0,60,113,60.0,3
2021,30.0,3.0,Married ,18.0,1.0,51,93,68.0,1
2021,34.0,2.0,Married ,37.0,4.0,81,120,81.0,4
2021,31.0,4.0,Married ,37.0,4.0,85,106,68.0,4
2021,21.0,1.0,Married ,34.0,2.0,67,106,58.0,2
2021,25.0,4.0,Married ,26.0,4.0,50,122,80.0,4
2021,24.0,2.0,Married ,28.0,3.0,86,115,82.0,3
2021,26.0,1.0,Married ,28.0,2.0,80,118,80.0,3
2021,32.0,1.0,Married ,34.0,2.0,86,119,82.0,2
2021,22.0,1.0,Married ,28.0,4.0,72,127,81.0,4
2021,36.0,3.0,Married ,34.0,3.0,58,119,67.0,3
2021,24.0,2.0,Married ,24.0,3.0,60,128,71.0,3
2021,39.0,1.0,Married ,28.0,1.0,90,129,75.0,1
2021,23.0,2.0,Married ,38.0,5.0,59,106,64.0,5
2021,22.0,1.0,Married ,36.0,2.0,63,118,60.0,2
2021,39.0,2.0,Married ,32.0,2.0,83,142,80.0,2
2021,31.0,1.0,Married ,32.0,3.0,65,106,61.0,3
2021,29.0,1.0,Married ,28.0,2.0,57,102,68.0,2
2021,29.0,1.0,Married ,36.0,2.0,67,115,68.0,2
2021,26.0,6.0,Married ,28.0,3.0,66,113,60.0,3
2021,27.0,7.0,Married ,32.0,2.0,60,98,58.0,2
2021,33.0,3.0,Married ,26.0,3.0,60,108,58.0,3
2021,35.0,3.0,Married ,26.0,2.0,53,103,84.0,2
2021,39.0,1.0,Married ,26.0,1.0,54,102,64.0,1
2021,27.0,5.0,Married ,36.0,3.0,66,109,61.0,3
2021,23.0,3.0,Married ,30.0,3.0,61,103,68.0,3
2021,27.0,1.0,Married ,36.0,5.0,83,132,71.0,5
2021,22.0,3.0,Married ,28.0,1.0,74,108,63.0,1
2021,27.0,3.0,Married ,28.0,1.0,67,121,81.0,1
2021,19.0,1.0,Married ,28.0,2.0,66,114,65.0,2
2021,27.0,3.0,Married ,28.0,3.0,87,119,85.0,3
2021,22.0,1.0,Married ,28.0,3.0,56,120,71.0,4
2021,34.0,1.0,Married ,32.0,1.0,88,128,78.0,2
2021,17.0,1.0,Single ,30.0,3.0,46,100,68.0,3
2021,38.0,4.0,Married ,16.0,4.0,48.5,108,74.0,2
2021,30.0,4.0,Married ,32.0,2.0,85,106,62.0,2
2021,22.0,1.0,Married ,36.0,1.0,62,114,61.0,1
2021,29.0,2.0,Married ,28.0,2.0,56,110,68.0,2
2021,29.0,3.0,Married ,22.0,2.0,55,110,68.0,2
2021,30.0,1.0,Married ,28.0,1.0,76,110,72.0,1
2021,30.0,2.0,Married ,22.0,2.0,56.5,115,74.0,2
2021,31.0,3.0,Married ,24.0,2.0,57,103,70.0,2
2021,27.0,3.0,Married ,18.0,4.0,75.5,108,70.0,4
2021,36.0,2.0,Married ,32.0,4.0,70,123,82.0,4
2021,21.0,1.0,Married ,28.0,4.0,75,119,67.0,4
2021,29.0,1.0,Married ,37.0,4.0,68,102,68.0,4
2021,35.0,2.0,Married ,27.0,3.0,75,118,64.0,3
2021,30.0,3.0,Married ,24.0,3.0,75,120,66.0,3
2021,27.0,1.0,Married ,36.0,4.0,65,115,81.0,4
2021,29.0,1.0,Married ,24.0,5.0,69,123,82.0,2
2021,20.0,1.0,Married ,28.0,2.0,58,100,70.0,2
2021,32.0,3.0,Married ,29.0,3.0,58,109,71.0,2
2021,27.0,1.0,Single ,24.0,6.0,65,113,83.0,4
2021,36.0,3.0,Married ,27.0,4.0,85,112,84.0,3
2021,22.0,1.0,Married ,27.0,3.0,60,108,65.0,2
2021,43.0,2.0,Married ,24.0,1.0,64,119,85.0,1
2021,25.0,1.0,Married ,21.0,1.0,70,119,84.0,1
2021,26.0,2.0,Married ,36.0,1.0,59,109,80.0,1
2021,20.0,3.0,Married ,28.0,3.0,56,96,61.0,2
2021,34.0,1.0,Married ,22.0,3.0,65,120,60.0,3
2021,33.0,2.0,Married ,32.0,1.0,85,126,80.0,1
2021,31.0,2.0,Married ,38.0,4.0,80,110,59.0,4
2021,37.0,3.0,Married ,24.0,3.0,50,107,62.0,3
2021,32.0,3.0,Married ,28.0,2.0,56,118,72.0,1
2021,35.0,1.0,Married ,24.0,1.0,68.5,100,62.0,1
2021,25.0,2.0,Married ,24.0,1.0,69,108,68.0,1
2021,25.0,2.0,Married ,27.0,1.0,60,108,61.0,3
2021,19.0,4.0,Married ,22.0,1.0,45,96,61.0,4
2021,37.0,2.0,Married ,28.0,2.0,57,115,74.0,2
2021,31.0,2.0,Married ,37.0,5.0,85,117,68.0,5
2021,29.0,2.0,Married ,28.0,3.0,79,108,59.0,3
2021,17.0,1.0,Single ,32.0,4.0,52,101,71.0,3
2021,22.0,1.0,Married ,32.0,2.0,72,106,68.0,2
2021,27.0,2.0,Married ,28.0,3.0,52,119,79.0,3
2021,39.0,3.0,Married ,28.0,4.0,50,118,63.0,4
2021,33.0,3.0,Married ,26.0,4.0,59,96,60.0,2
2021,23.0,3.0,Married ,37.0,5.0,79.5,134,84.0,5
2021,37.0,1.0,Married ,28.0,3.0,92,103,66.0,3
2021,24.0,2.0,Married ,24.0,4.0,84,108,74.0,4
2021,21.0,2.0,Single ,30.0,1.0,56.4,112,71.0,1
2021,20.0,1.0,Married ,28.0,4.0,58,124,78.0,4
2021,22.0,7.0,Married ,28.0,2.0,73.5,103,64.0,1
2021,30.0,4.0,Married ,35.0,3.0,72,108,72.0,4
2021,27.0,2.0,Married ,31.0,3.0,67,109,69.0,3
2021,37.0,5.0,Married ,32.0,3.0,82,118,72.0,3
2021,27.0,3.0,Married ,24.0,32.0,59.5,103,60.0,3
2021,25.0,1.0,Married ,32.0,4.0,79,114,79.0,4
2021,20.0,2.0,Married ,28.0,2.0,51,103,68.0,2
2021,28.0,2.0,Married ,32.0,4.0,68,107,68.0,3
2021,23.0,1.0,Married ,32.0,6.0,53.5,99,61.0,3
2021,27.0,1.0,Married ,32.0,1.0,47,110,72.0,2
2021,30.0,3.0,Married ,24.0,3.0,85.5,110,58.0,3
2021,24.0,3.0,Married ,22.0,5.0,51,98,60.0,5
2021,38.0,3.0,Married ,20.0,2.0,77,108,72.0,2
2021,22.0,4.0,Married ,25.0,1.0,75,129,80.0,1
2021,19.0,3.0,Single ,19.0,1.0,49,104,70.0,1
2021,24.0,5.0,Married ,23.0,2.0,90,141,70.0,2
2021,30.0,3.0,Married ,20.0,3.0,64,117,72.0,3
2021,31.0,2.0,Married ,36.0,4.0,67,114,73.0,4
2021,35.0,1.0,Married ,28.0,3.0,68.3,113,71.0,3
2021,23.0,1.0,Married ,32.0,4.0,64,117,63.0,4
2021,28.0,1.0,Single ,28.0,1.0,64,129,84.0,1
2021,23.0,2.0,Married ,32.0,3.0,64,117,64.0,3
2021,28.0,1.0,Married ,30.0,4.0,67,118,60.0,4
2021,43.0,1.0,Married ,26.0,2.0,56,100,60.0,2
2021,35.0,3.0,Married ,32.0,4.0,92,118,72.0,4
2021,23.0,6.0,Married ,27.0,1.0,60,100,61.0,1
2021,39.0,2.0,Married ,33.0,3.0,57,99,60.0,3
2021,29.0,1.0,Married ,28.0,2.0,70,120,78.0,2
2021,35.0,1.0,Married ,30.0,3.0,54,118,70.0,3
2021,39.0,4.0,Married ,24.0,4.0,82.5,126,73.0,4
2021,24.0,5.0,Married ,27.0,4.0,45.5,105,73.0,4
2021,34.0,3.0,Single ,32.0,1.0,52.5,128,84.0,1
2021,37.0,1.0,Married ,28.0,1.0,64,134,81.0,1
2021,32.0,2.0,Married ,24.0,1.0,90,128,81.0,1
2021,25.0,1.0,Married ,24.0,3.0,56,108,62.0,3
2021,25.0,3.0,Married ,34.0,3.0,68,125,80.0,3
2021,22.0,2.0,Married ,32.0,5.0,64,108,72.0,5
2021,30.0,1.0,Married ,32.0,3.0,87,108,60.0,3
2021,27.0,2.0,Married ,28.0,2.0,54,112,68.0,2
2021,37.0,3.0,Married ,24.0,3.0,79,107,71.0,3
2021,37.0,1.0,Married ,24.0,3.0,69,113,69.0,3
2021,26.0,2.0,Married ,28.0,1.0,61,110,63.0,1
2021,40.0,2.0,Married ,28.0,4.0,76,118,78.0,4
2021,28.0,3.0,Married ,24.0,2.0,69,117,78.0,2
2021,28.0,3.0,Married ,32.0,3.0,67,118,66.0,3
2021,27.0,1.0,Married ,26.0,3.0,69,110,69.0,3
2021,27.0,2.0,Married ,28.0,2.0,47,114,74.0,2
2021,28.0,2.0,Married ,34.0,4.0,68,116,72.0,4
2021,27.0,4.0,Married ,24.0,4.0,68,118,71.0,4
2021,22.0,2.0,Married ,28.0,3.0,59.5,113,74.0,3
2021,29.0,2.0,Married ,37.0,4.0,63,118,78.0,4
2021,28.0,2.0,Married ,28.0,4.0,67.5,107,64.0,4
2021,31.0,1.0,Married ,22.0,5.0,69,120,80.0,5
2021,39.0,1.0,Married ,32.0,4.0,52,108,72.0,4
2021,32.0,2.0,Married ,24.0,5.0,53,117,78.0,5
2021,29.0,3.0,Married ,24.0,1.0,60,123,76.0,1
2021,33.0,3.0,Married ,20.0,4.0,79,121,74.0,4
2021,43.0,3.0,Married ,28.0,2.0,80,119,80.0,2
2021,30.0,1.0,Married ,20.0,1.0,71,126,72.0,1
2021,38.0,2.0,Married ,28.0,2.0,77,113,73.0,2
2021,20.0,2.0,Married ,28.0,3.0,53,124,76.0,3
2021,29.0,1.0,Married ,24.0,7.0,87,129,71.0,4
2021,27.0,7.0,Married ,20.0,5.0,63,109,71.0,4
2021,20.0,4.0,Married ,24.0,3.0,63,119,74.0,3
2021,25.0,2.0,Married ,24.0,3.0,70,109,62.0,3
2021,32.0,5.0,Married ,28.0,2.0,69.5,117,78.0,2
2021,22.0,3.0,Single ,28.0,1.0,64,110,68.0,1
2021,33.0,1.0,Married ,36.0,6.0,88,149,91.0,4
2021,40.0,2.0,Married ,28.0,2.0,57,119,81.0,2
2021,38.0,2.0,Married ,30.0,5.0,87,132,87.0,4
2021,37.0,1.0,Married ,28.0,4.0,58,113,70.0,4
2021,24.0,1.0,Married ,28.0,4.0,53,115,60.0,4
2021,23.0,3.0,Married ,22.0,2.0,70,113,69.0,2
2021,34.0,3.0,Married ,32.0,5.0,90,134,86.0,5
2021,34.0,3.0,Married ,32.0,4.0,65,129,71.0,4
2021,26.0,4.0,Married ,24.0,2.0,82,111,75.0,2
2021,16.0,3.0,Single ,28.0,2.0,56,100,61.0,2
2021,39.0,5.0,Married ,32.0,1.0,82,120,78.0,1
2021,30.0,3.0,Married ,37.0,4.0,88,122,81.0,4
2021,27.0,2.0,Married ,32.0,1.0,60.5,122,71.0,1
2021,22.0,1.0,Married ,22.0,3.0,75,118,61.0,3
2021,26.0,1.0,Married ,30.0,5.0,61,105,60.0,5
2021,30.0,1.0,Married ,28.0,3.0,60,108,60.0,3
2021,33.0,2.0,Married ,32.0,3.0,64,113,74.0,3
2021,27.0,2.0,Married ,32.0,5.0,64,100,65.0,5
2021,27.0,1.0,Married ,26.0,4.0,72,113,72.0,4
2021,27.0,1.0,Married ,28.0,3.0,64,102,62.0,2
2021,27.0,3.0,Married ,29.0,2.0,74,122,70.0,2
2021,24.0,3.0,Married ,27.0,6.0,63,118,65.0,6
2021,21.0,3.0,Single ,23.0,2.0,53,94/56,67.0,2
2021,26.0,4.0,Married ,28.0,3.0,64,120/72,76.0,3
2021,21.0,3.0,Single ,31.0,1.0,60,120/80,56.0,6
2021,31.0,5.0,Married ,35.0,1.0,85,120/80,87.0,5
2021,22.0,3.0,Married ,25.0,2.0,51,110/70,67.0,5
2021,27.0,2.0,Married ,24.0,4.0,46,110/70,78.0,4
2021,32.0,1.0,Married ,16.0,3.0,107,122/81,76.0,3
2021,21.0,1.0,Married ,5.0,5.0,58,116/81,64.0,6
2021,28.0,3.0,Married ,25.0,3.0,62,120/80,67.0,6
2021,20.0,1.0,Single ,25.0,5.0,52,98/61,76.0,5
2021,37.0,2.0,Married ,28.0,1.0,73,130/80,91.0,5
2021,23.0,1.0,Married ,23.0,3.0,64,120/,80.0,1
2021,35.0,3.0,Married ,23.0,1.0,57,110/,89.0,1
2021,32.0,2.0,Married ,34.0,3.0,78,10/60,91.0,3
2021,29.0,1.0,Married ,37.0,4.0,60,108/70,81.0,3
2021,30.0,2.0,Married ,36.0,4.0,60,110,90.0,5
2021,30.0,3.0,Married ,39.0,6.0,58,92,76.0,4
2021,27.0,1.0,Married ,37.0,5.0,64,100,60.0,4
2021,27.0,2.0,Married ,34.0,5.0,72,100,60.0,4
2021,27.0,2.0,Married ,37.0,4.0,73,112,70.0,4
2021,23.0,3.0,Married ,24.0,3.0,60,100,89.0,4
2021,29.0,3.0,Married ,35.0,2.0,66,95,58.0,4
2021,29.0,1.0,Married ,35.0,2.0,61,98,60.0,2
2021,32.0,2.0,Married ,29.0,5.0,82,142,90.0,4
2021,31.0,2.0,Married ,25.0,1.0,81,130,70.0,4
2021,34.0,4.0,Married ,27.0,2.0,61,130,86.0,4
2021,30.0,2.0,Married ,29.0,4.0,81.5,110,65.0,4
2021,25.0,2.0,Single,32.0,1.0,80,95,72.0,-
2021,30.0,2.0,Married ,30.0,5.0,67,99,67.0,4
2021,52.0,1.0,Married ,27.0,2.0,67,98,60.0,4
2021,27.0,1.0,Married ,27.0,2.0,75.5,100,60.0,4
2021,37.0,2.0,Married ,26.0,6.0,53,124,62.0,4
2021,21.0,3.0,Married ,30.0,6.0,87,110,61.0,4
2021,26.0,3.0,Married ,30.0,1.0,76,105,60.0,4
2021,28.0,3.0,Married ,25.0,4.0,62,94,66.0,4
2021,20.0,1.0,Married ,31.0,5.0,57,100,60.0,4
2021,28.0,2.0,Married ,29.0,6.0,85,140,80.0,3
2021,20.0,2.0,Married ,21.0,5.0,81.5,120,80.0,3
2021,26.0,1.0,Married ,28.0,3.0,71.5,110,62.0,2
2021,34.0,7.0,Married ,30.0,2.0,65,110,70.0,3
2021,34.0,4.0,Married ,20.0,3.0,64,92,60.0,3
2021,34.0,2.0,Married ,21.0,2.0,52,110,70.0,3
2021,35.0,5.0,Married ,25.0,3.0,82,140,60.0,5
2021,25.0,3.0,Married ,24.0,2.0,53.5,94,58.0,2
2021,32.0,1.0,Married ,24.0,3.0,77.5,126,80.0,3
2021,27.0,2.0,Married ,24.0,6.0,77.5,100,70.0,3
2021,37.0,2.0,Married ,34.0,7.0,66,106,70.0,2
2021,27.0,1.0,Married ,28.0,3.0,54,120,60.0,3
2021,23.0,1.0,Married ,18.0,2.0,43,110,72.0,3
2021,29.0,3.0,Married ,3.0,2.0,77,106,76.0,3
2021,23.0,3.0,Married ,23.0,2.0,62,120,80.0,3
2021,30.0,3.0,Married ,26.0,2.0,56,130,80.0,3
2021,24.0,4.0,Married ,20.0,2.0,62,98,60.0,3
2021,24.0,3.0,Married ,18.0,1.0,74,100,60.0,3
2021,31.0,5.0,Married ,20.0,3.0,74,100,60.0,3
2021,37.0,3.0,Single,5.0,1.0,74,112,80.0,3
2021,30.0,2.0,Married ,40.0,5.0,89,100,60.0,5
2021,27.0,1.0,Married ,34.0,1.0,69,90,60.0,4
2021,28.0,1.0,Married ,37.0,3.0,57,100,60.0,4
2021,25.0,1.0,Married ,28.0,4.0,77,120,80.0,4
2021,31.0,2.0,Married ,20.0,7.0,71,100,60.0,4
2021,27.0,1.0,Married ,20.0,6.0,58,100,60.0,2
2021,24.0,1.0,Married ,36.0,1.0,64,120,80.0,4
2021,24.0,3.0,Married ,21.0,2.0,67,100,70.0,4
2021,43.0,6.0,Married ,34.0,4.0,67,100,70.0,3
2021,35.0,2.0,Married ,22.0,2.0,67,100,70.0,2
2021,20.0,1.0,Married ,30.0,4.0,65,100,60.0,2
2021,24.0,1.0,Married ,30.0,4.0,59,100,60.0,3
2021,41.0,4.0,Married ,34.0,3.0,81.5,110,60.0,4
2021,39.0,5.0,Married ,28.0,2.0,86,120,70.0,4
2021,24.0,3.0,Married ,32.0,4.0,61,110,62.0,4
2021,23.0,1.0,Married ,32.0,2.0,63,100,60.0,4
2021,23.0,1.0,Married ,35.0,4.0,72,100,60.0,4
2021,26.0,2.0,Married ,25.0,3.0,54,100,60.0,2
2021,20.0,1.0,Divorced,30.0,1.0,49,92,60.0,2
2021,25.0,1.0,Married ,29.0,2.0,-,92,72.0,2
2021,21.0,1.0,Married ,29.0,3.0,67,100,60.0,3
2021,24.0,1.0,Married ,29.0,8.0,62,114,58.0,3
2021,39.0,5.0,Married ,34.0,4.0,96.5,94,60.0,4
2021,35.0,2.0,Married ,36.0,4.0,69,100,62.0,4
2021,25.0,1.0,Married ,36.0,3.0,69,100,70.0,2
2021,25.0,1.0,Married ,37.0,6.0,82,112,72.0,4
2021,24.0,4.0,Married ,28.0,6.0,93,132,96.0,4
2021,20.0,1.0,Married ,27.0,2.0,58.5,118,68.0,4
2021,21.0,1.0,Married ,20.0,2.0,61,100,60.0,2
2021,22.0,3.0,Married ,24.0,5.0,64,107,66.0,4
2021,25.0,1.0,Married ,24.0,3.0,58,120,60.0,4
2021,22.0,1.0,Married ,24.0,1.0,78,114,68.0,4
2021,30.0,3.0,Married ,3.0,3.0,61,120,50.0,4
2021,29.0,2.0,Married ,34.0,2.0,86,110,72.0,3
2021,28.0,2.0,Married ,28.0,7.0,57,92,61.0,4
2021,30.0,2.0,Married ,25.0,2.0,82,122,69.0,4
2021,39.0,6.0,Married ,35.0,6.0,82,100,68.0,4
2021,29.0,5.0,Married ,31.0,4.0,74,115,71.0,4
2021,20.0,3.0,Married ,6.0,3.0,81.5,112,62.0,4
2021,30.0,5.0,Married ,31.0,2.0,81,112,62.0,4
2021,20.0,3.0,Married ,24.0,3.0,74,113,72.0,4
2021,28.0,4.0,Married ,30.0,3.0,64,113,71.0,4
2021,24.0,4.0,Married ,24.0,4.0,66,107,69.0,4
2021,34.0,2.0,Married ,33.0,3.0,57,110,60.0,3
2021,21.0,1.0,Married ,26.0,2.0,56,105,60.0,3
2021,37.0,1.0,Married ,23.0,4.0,50,110,70.0,3
2021,26.0,1.0,Married ,30.0,5.0,58,100,60.0,3
2021,36.0,4.0,Married ,28.0,7.0,65,125,80.0,3
2021,35.0,3.0,Married ,22.0,3.0,68.5,110,60.0,3
2021,34.0,2.0,Married ,28.0,7.0,63,100,60.0,3
2021,27.0,2.0,Married ,35.0,3.0,65,110,70.0,3
2021,37.0,1.0,Married ,29.0,7.0,100.5,105,60.0,3
2021,25.0,1.0,Married ,31.0,2.0,64,100,60.0,3
2021,35.0,4.0,Married ,34.0,1.0,76,135,80.0,3
2021,24.0,2.0,Married ,17.0,3.0,57,110,60.0,3
2021,31.0,2.0,Married ,24.0,2.0,58,101,32.0,3
2021,21.0,1.0,Married ,29.0,2.0,56.4,114,84.0,3
2021,28.0,1.0,Married ,30.0,4.0,74,113,72.0,4
2021,39.0,3.0,Married ,24.0,3.0,66,107,69.0,4
2021,29.0,5.0,Married ,31.0,2.0,81,112,62.0,4
2021,20.0,3.0,Married ,12.0,3.0,81.5,112,62.0,4
2021,30.0,6.0,Married ,35.0,6.0,82,100,68.0,4
2021,28.0,2.0,Married ,28.0,7.0,57,92,61.0,4
2021,30.0,2.0,Married ,25.0,2.0,82,122,69.0,4
2021,35.0,3.0,Married ,35.0,4.0,65,110,70.0,4
2021,35.0,4.0,Married ,30.0,4.0,80,120,80.0,4
2021,34.0,1.0,Married ,32.0,5.0,76,120,80.0,4
2021,24.0,3.0,Married ,18.0,4.0,53,100,60.0,4
2021,25.0,1.0,Married ,21.0,7.0,61,100,60.0,4
2021,31.0,2.0,Married ,29.0,3.0,68.5,120,68.0,3
2021,23.0,1.0,Married ,21.0,1.0,65,100,70.0,3
2021,42.0,3.0,Married ,21.0,3.0,76,130,80.0,3
2021,29.0,1.0,Married ,29.0,7.0,64,110,60.0,3
2021,31.0,3.0,Married ,33.0,5.0,76,100,60.0,4
2021,25.0,1.0,Married ,30.0,9.0,71,100,60.0,3
2021,33.0,4.0,Married ,37.0,2.0,72,110,70.0,3
2021,33.0,2.0,Married ,26.0,9.0,91,103,62.0,3
2021,24.0,1.0,Married ,30.0,1.0,55,110,80.0,3
2021,20.0,1.0,Married ,34.0,3.0,74,110,70.0,4
2021,23.0,1.0,Married ,21.0,3.0,82,110,80.0,3
2021,24.0,2.0,Married ,28.0,4.0,57,110,62.0,3
2021,24.0,3.0,Married ,28.0,4.0,63,115,63.0,3
2021,22.0,2.0,Married ,29.0,1.0,41.6,105,62.0,2
2021,30.0,4.0,Married ,18.0,2.0,74,112,60.0,2
2021,26.0,1.0,Married ,26.0,3.0,63,100,60.0,4
2021,36.0,5.0,Married ,28.0,3.0,68,120,80.0,4
2021,30.0,2.0,Married ,34.0,3.0,74,155,60.0,2
2021,30.0,3.0,Married ,24.0,3.0,52,160,56.0,2
2021,30.0,3.0,Married ,20.0,3.0,77.5,110,70.0,4
2021,21.0,3.0,Married ,21.0,2.0,58.5,110,60.0,2
2021,33.0,4.0,Married ,28.0,3.0,62,120,62.0,3
2021,33.0,1.0,Married ,20.0,1.0,77,140,102.0,4
2021,35.0,4.0,Married ,25.0,4.0,65,125,80.0,3
2021,24.0,1.0,Married ,31.0,3.0,85,110,60.0,2
2021,23.0,1.0,Married ,31.0,2.0,77.5,155,62.0,2
2021,32.0,2.0,Married ,24.0,4.0,63,152,80.0,2
2021,25.0,1.0,Married ,33.0,6.0,58,120,60.0,2
2021,22.0,3.0,Married ,24.0,3.0,78,120,60.0,2
2021,35.0,3.0,Married ,36.0,1.0,95,164,75.0,4
2021,33.0,3.0,Married ,24.0,2.0,62.5,162,82.0,4
2021,31.0,2.0,Married ,37.0,5.0,61,101,68.0,3
2021,31.0,3.0,Divorced,29.0,3.0,76,110,70.0,4
2021,33.0,4.0,Married ,26.0,4.0,85,117,70.0,2
2021,29.0,2.0,Married ,30.0,3.0,74,148,74.0,3
2021,25.0,1.0,Married ,34.0,2.0,60.5,110,60.0,3
2021,33.0,3.0,Married ,36.0,3.0,74,180,100.0,2
2021,19.0,1.0,Married ,30.0,2.0,60.5,121,70.0,2
2021,32.0,3.0,Married ,26.0,3.0,71,116,81.0,3
2021,23.0,1.0,Married ,40.0,4.0,62,121,78.0,2
2021,33.0,1.0,Married ,27.0,2.0,82,110,60.0,2
2021,24.0,2.0,Married ,27.0,3.0,45.3,116,61.0,3
2021,22.0,1.0,Married ,29.0,3.0,58.5,104,64.0,3
2021,26.0,3.0,Married ,26.0,3.0,65,121,69.0,3
2021,29.0,4.0,Married ,37.0,1.0,96,182,100.0,1
2021,24.0,2.0,Married ,21.0,1.0,75.5,116,70.0,1
2021,21.0,2.0,Married ,19.0,2.0,67,116,81.0,2
2021,40.0,2.0,Married ,34.0,3.0,96,119,80.0,3
2021,33.0,4.0,Married ,38.0,4.0,65.5,126,80.0,4
2021,19.0,2.0,Married ,17.0,2.0,57,110,60.0,2
2021,23.0,1.0,Married ,29.0,3.0,64,104,62.0,3
2021,26.0,1.0,Married ,29.0,2.0,64,110,60.0,3
2021,31.0,3.0,Married ,34.0,4.0,56,110,70.0,3
2021,32.0,2.0,Married ,36.0,2.0,71,100,60.0,3
2021,25.0,1.0,Married ,36.0,4.0,74,100,70.0,2
2021,40.0,5.0,Married ,28.0,2.0,82.5,112,60.0,3
2021,25.0,1.0,Married ,28.0,3.0,56,100,52.0,3
2021,23.0,1.0,Married ,24.0,4.0,73.5,156,109.0,2
2021,25.0,1.0,Married ,30.0,7.0,74.5,100,68.0,3
2021,29.0,4.0,Married ,34.0,2.0,57,157,61.0,4
2021,25.0,1.0,Married ,26.0,2.0,72.5,110,70.0,2
2021,33.0,3.0,Married ,23.0,3.0,65.5,95,61.0,3
2021,35.0,3.0,Married ,28.0,3.0,65,102,65.0,3
2021,23.0,1.0,Married ,21.0,1.0,62,100,62.0,3
2021,24.0,4.0,Married ,23.0,3.0,65,162,90.0,3
2021,23.0,3.0,Married ,26.0,3.0,65,162,65.0,3
2021,21.0,1.0,Married ,28.0,2.0,59,160,59.0,3
2021,29.0,3.0,Married ,35.0,3.0,60,135,90.0,2
2021,33.0,3.0,Married ,29.0,4.0,64,102,60.0,3
2021,33.0,1.0,Married ,29.0,2.0,62,102,60.0,3
2021,23.0,1.0,Married ,30.0,4.0,61,103,60.0,3
2021,26.0,1.0,Married ,35.0,4.0,61,101,63.0,3
2021,27.0,4.0,Married ,29.0,4.0,55,106,55.0,3
2021,24.0,1.0,Married ,34.0,5.0,74,134,44.0,3
2021,31.0,1.0,Married ,30.0,2.0,69,139,44.0,2
2021,35.0,3.0,Married ,24.0,3.0,92,120,80.0,2
2021,30.0,2.0,Married ,24.0,2.0,63,153,62.0,2
2021,30.0,2.0,Married ,26.0,2.0,75,100,60.0,2
2021,35.0,3.0,Married ,24.0,3.0,62,163,62.0,2
2021,24.0,2.0,Married ,33.0,4.0,63,152,81.0,2
2021,25.0,4.0,Married ,32.0,3.0,68,162,81.0,3
2021,26.0,1.0,Married ,33.0,1.0,81,162,91.0,2
2021,41.0,4.0,Married ,33.0,2.0,76,155,76.0,2
2021,27.0,2.0,Married ,23.0,1.0,54,115,64.0,2
2021,35.0,1.0,Married ,35.0,2.0,60.5,110,70.0,2
2021,30.0,4.0,Married ,33.0,3.0,76,180,100.0,3
2021,25.0,1.0,Married ,30.0,3.0,64,104,62.0,3
2021,31.0,3.0,Married ,34.0,4.0,56,110,70.0,3
2021,32.0,2.0,Married ,36.0,2.0,71,100,60.0,3
2021,25.0,1.0,Married ,36.0,4.0,74,100,70.0,2
2021,40.0,5.0,Married ,28.0,2.0,82.5,112,60.0,3
2021,25.0,1.0,Married ,28.0,3.0,56,100,52.0,3
2021,23.0,1.0,Married ,24.0,4.0,73.5,156,109.0,2
2021,25.0,1.0,Married ,30.0,7.0,74.5,100,68.0,3
2021,29.0,4.0,Married ,34.0,2.0,57,157,61.0,4
2021,25.0,1.0,Married ,26.0,2.0,72.5,110,70.0,2
2021,33.0,3.0,Married ,23.0,3.0,65.5,95,61.0,3
2021,35.0,3.0,Married ,28.0,3.0,65,102,65.0,3
2021,23.0,1.0,Married ,21.0,1.0,62,100,62.0,3
2021,24.0,4.0,Married ,23.0,3.0,65,162,90.0,3
2021,23.0,3.0,Married ,26.0,3.0,65,162,65.0,3
2021,21.0,1.0,Married ,28.0,2.0,59,160,59.0,3
2021,29.0,3.0,Married ,35.0,3.0,60.5,135,90.0,2
2021,33.0,3.0,Married ,29.0,4.0,64,102,60.0,3
2021,33.0,1.0,Married ,29.0,2.0,62,102,60.0,3
2021,23.0,1.0,Married ,30.0,4.0,61,103,60.0,3
2021,26.0,1.0,Married ,35.0,4.0,61,101,63.0,3
2021,27.0,4.0,Married ,29.0,4.0,55,106,55.0,3
2021,24.0,1.0,Married ,34.0,5.0,74,134,44.0,3
2021,31.0,1.0,Married ,30.0,2.0,69,139,44.0,2
2021,35.0,3.0,Married ,24.0,3.0,92,120,80.0,2
2021,30.0,2.0,Married ,24.0,2.0,63,153,62.0,2
2021,30.0,2.0,Married ,26.0,2.0,75,100,60.0,2
2021,35.0,3.0,Married ,24.0,3.0,62,163,62.0,2
2021,24.0,2.0,Married ,33.0,4.0,63,152,81.0,2
2021,25.0,4.0,Married ,32.0,3.0,68,162,81.0,3
2021,26.0,1.0,Married ,33.0,1.0,81,162,91.0,2
2021,41.0,4.0,Married ,33.0,2.0,76,155,76.0,2
2021,27.0,2.0,Married ,23.0,1.0,54,115,64.0,2
2021,23.0,1.0,Married ,36.0,6.0,60.5,137,83.0,4
2021,31.0,1.0,Married ,24.0,3.0,48,100,63.0,3
2021,22.0,1.0,Married ,35.0,3.0,64,102,62.0,4
2021,24.0,3.0,Married ,22.0,3.0,62,101,62.0,4
2021,22.0,2.0,Married ,25.0,4.0,64,102,62.0,4
2021,21.0,1.0,Married ,35.0,3.0,62,101,62.0,4
2021,31.0,2.0,Married ,33.0,4.0,60,115,70.0,4
2021,22.0,1.0,Married ,24.0,4.0,55,102,62.0,4
2021,19.0,2.0,Married ,27.0,4.0,57,102,60.0,4
2021,22.0,1.0,Married ,26.0,1.0,53,115,70.0,4
2021,21.0,1.0,Married ,21.0,4.0,51,151,60.0,2
2021,24.0,1.0,Married ,27.0,1.0,70,157,90.0,4
2021,22.0,6.0,Married ,35.0,5.0,53,115,73.0,4
2021,23.0,1.0,Married ,31.0,3.0,56,156,61.0,4
2021,23.0,2.0,Married ,30.0,5.0,73,159,73.0,4
2021,23.0,1.0,Married ,29.0,3.0,61,162,85.0,4
2021,24.0,5.0,Married ,31.0,4.0,61,157,61.0,4
2021,21.0,1.0,Married ,31.0,1.0,63,163,53.0,4
2021,23.0,1.0,Married ,35.0,3.0,65,156,65.0,4
2021,23.0,1.0,Married ,26.0,2.0,62,162,65.0,4
2021,29.0,1.0,Married ,34.0,1.0,63,161,63.0,2
2021,33.0,7.0,Married ,35.0,3.0,75,169,100.0,4
2021,30.0,3.0,Married ,28.0,3.0,85,173,85.0,4
2021,39.0,1.0,Married ,35.0,1.0,64,159,62.0,4
2021,35.0,1.0,Married ,19.0,2.0,76,142,76.0,4
2021,32.0,3.0,Married ,38.0,1.0,83,137,102.0,4
2021,23.0,1.0,Married ,32.0,3.0,64,162,64.0,4
2021,19.0,1.0,Married ,24.0,2.0,83,172,85.0,4
2021,28.0,2.0,Married ,30.0,3.0,61,156,96.0,4
2021,28.0,4.0,Married ,31.0,3.0,62,157,62.0,4
2021,29.0,1.0,Married ,26.0,1.0,60,158,58.0,4
2021,23.0,1.0,Married ,24.0,2.0,60,164,60.0,4
2021,24.0,3.0,Married ,23.0,3.0,63,163,62.0,4
2021,29.0,2.0,Married ,35.0,5.0,64,164,67.0,4
2021,23.0,1.0,Married ,20.0,3.0,78,156,78.0,2
2021,22.0,1.0,Married ,26.0,2.0,60,153,60.0,2
2021,26.0,1.0,Married ,38.0,3.0,60,161,63.0,2
2021,22.0,1.0,Married ,38.0,5.0,83,112,83.0,2
2021,23.0,1.0,Married ,32.0,2.0,58,155,58.0,2
2021,32.0,2.0,Married ,24.0,5.0,58,156,55.0,2
2021,37.0,1.0,Married ,38.0,2.0,55,153,60.0,2
2021,39.0,1.0,Married ,34.0,1.0,66,155,54.0,2
2021,35.0,4.0,Married ,35.0,2.0,81,161,81.0,2
2021,36.0,2.0,Married ,30.0,3.0,71,182,81.0,2
2021,28.0,3.0,Married ,32.0,4.0,74,162,102.0,2
2021,31.0,2.0,Married ,26.0,2.0,81,163,81.0,2
2021,26.0,1.0,Married ,30.0,2.0,53,153,98.0,2
2021,25.0,2.0,Married ,34.0,4.0,90,166,90.0,2
2021,40.0,1.0,Married ,40.0,1.0,80,167,80.0,2
2021,39.0,1.0,Married ,36.0,3.0,161,167,79.0,2
2021,32.0,2.0,Married ,36.0,4.0,56,163,56.0,2
2026,37.0,2.0,Married,38.0,6.0,56.0,102.0,69.0,0.0
2026,33.0,1.0,Married,32.0,2.0,56.0,106.0,72.0,0.0
2026,32.0,4.0,Married,22.0,1.0,57.0,108.0,73.0,1.0
2026,19.0,1.0,Married,37.0,1.0,68.0,108.0,65.0,1.0
2026,35.0,4.0,Married,24.0,5.0,62.0,120.0,74.0,3.0
2026,37.0,4.0,Married,22.0,2.0,62.0,144.0,82.0,1.0
2026,32.0,3.0,Married,30.0,3.0,80.0,130.0,90.0,0.0
2026,25.0,1.0,Married,22.0,3.0,60.0,110.0,64.0,0.0
2026,22.0,1.0,Married,24.0,5.0,60.0,117.0,66.0,5.0
2026,28.0,3.0,Married,29.0,5.0,59.0,109.0,71.0,5.0
2026,35.0,3.0,Married,35.0,3.0,70.0,115.0,72.0,3.0
2026,24.0,1.0,Married,32.0,2.0,86.0,116.0,77.0,3.0
2026,36.0,1.0,Married,19.0,4.0,58.0,116.0,78.0,5.0
2026,23.0,2.0,Married,14.0,1.0,65.0,118.0,98.0,5.0
2026,35.0,2.0,Married,30.0,3.0,88.0,115.0,65.0,1.0
2026,26.0,1.0,Married,20.0,3.0,85.0,111.0,68.0,3.0
2026,24.0,3.0,Married,37.0,2.0,50.0,106.0,55.0,0.0
2026,37.0,3.0,Married,18.0,4.0,87.0,115.0,69.0,0.0
2026,34.0,4.0,Married,19.0,1.0,56.0,102.0,60.0,0.0
2026,24.0,2.0,Married,30.0,5.0,90.0,103.0,65.0,1.0
2026,28.0,2.0,Married,33.0,4.0,66.0,110.0,70.0,0.0
2026,24.0,2.0,Married,28.0,4.0,68.0,96.0,60.0,0.0
2026,38.0,2.0,Married,18.0,3.0,79.0,112.0,73.0,3.0
2026,27.0,2.0,Married,27.0,5.0,61.0,117.0,71.0,3.0
2026,29.0,1.0,Married,40.0,5.0,89.0,120.0,70.0,5.0
2026,35.0,2.0,Married,24.0,7.0,60.0,94.0,62.0,5.0
2026,27.0,2.0,Married,40.0,2.0,60.0,102.0,61.0,7.0
2026,35.0,3.0,Divorced,31.0,3.0,68.0,111.0,51.0,2.0
2026,30.0,2.0,Married,23.0,3.0,63.0,109.0,73.0,3.0
2026,30.0,1.0,Married,18.0,3.0,62.0,115.0,72.0,3.0
2026,29.0,1.0,Married,24.0,3.0,79.0,125.0,82.0,2.0
2026,35.0,5.0,Married,13.0,1.0,69.0,100.0,60.0,2.0
2026,27.0,2.0,Married,39.0,3.0,58.0,99.0,70.0,2.0
2026,34.0,2.0,Married,12.0,1.0,54.0,95.0,72.0,0.0
2026,28.0,4.0,Married,27.0,2.0,50.0,102.0,62.0,0.0
2026,29.0,2.0,Married,26.0,2.0,63.0,110.0,70.0,2.0
2026,24.0,2.0,Married,28.0,6.0,80.0,95.0,60.0,2.0
2026,26.0,4.0,Married,13.0,5.0,54.0,102.0,70.0,2.0
2026,19.0,1.0,Married,27.0,7.0,54.0,110.0,72.0,2.0
2026,24.0,1.0,Married,34.0,2.0,78.0,96.0,60.0,2.0
2026,21.0,2.0,Married,34.0,5.0,68.0,117.0,71.0,2.0
2026,20.0,1.0,Married,12.0,4.0,61.0,119.0,73.0,2.0
2026,33.0,3.0,Married,10.0,1.0,58.0,98.0,62.0,2.0
2026,21.0,2.0,Single,16.0,2.0,60.0,118.0,67.0,1.0
2026,38.0,4.0,Single,30.0,1.0,73.0,118.0,67.0,3.0
2026,39.0,4.0,Single,18.0,3.0,105.0,106.0,61.0,1.0
2026,25.0,1.0,Single,26.0,2.0,55.0,109.0,64.0,1.0
2026,29.0,2.0,Single,14.0,3.0,69.0,115.0,69.0,1.0
2026,19.0,1.0,Single,31.0,6.0,51.0,123.0,82.0,3.0
2026,30.0,4.0,Single,34.0,1.0,88.0,119.0,70.0,3.0
2026,34.0,2.0,Single,27.0,1.0,54.0,99.0,72.0,3.0
2026,26.0,2.0,Single,30.0,4.0,90.0,103.0,65.0,1.0
2026,38.0,4.0,Single,22.0,6.0,66.0,112.0,73.0,3.0
2026,24.0,2.0,Single,24.0,3.0,68.0,96.0,60.0,3.0
2026,29.0,1.0,Single,18.0,6.0,83.0,115.0,68.0,0.0
2026,35.0,2.0,Single,20.0,2.0,50.0,106.0,55.0,7.0
2026,37.0,4.0,Single,37.0,4.0,75.0,109.0,71.0,3.0
2026,30.0,2.0,Single,14.0,6.0,62.0,98.0,62.0,4.0
2026,23.0,1.0,Single,27.0,2.0,54.0,114.0,74.0,6.0
2026,23.0,2.0,Single,31.0,1.0,53.0,115.0,74.0,2.0
2026,30.0,2.0,Single,31.0,3.0,75.0,132.0,84.0,1.0
2026,26.0,1.0,Single,7.0,3.0,74.0,106.0,76.0,3.0
2026,23.0,1.0,Single,18.0,5.0,55.0,104.0,67.0,3.0
2026,24.0,2.0,Single,7.0,1.0,50.0,103.0,61.0,5.0
2026,25.0,1.0,Single,7.0,4.0,50.0,115.0,67.0,4.0
2026,29.0,1.0,Single,8.0,4.0,71.0,118.0,70.0,4.0
2026,30.0,2.0,Single,17.0,1.0,65.0,105.0,70.0,4.0
2026,36.0,2.0,Single,31.0,1.0,55.0,110.0,70.0,0.0
2026,36.0,1.0,Single,4.0,4.0,50.0,111.0,68.0,1.0
2026,24.0,1.0,Single,29.0,1.0,59.0,119.0,60.0,0.0
2026,31.0,4.0,Divorced,37.0,2.0,128.0,117.0,48.0,1.0
2026,40.0,6.0,Single,36.0,4.0,64.0,140.0,90.0,2.0
2026,26.0,1.0,Single,22.0,3.0,59.0,121.0,79.0,4.0
2026,30.0,2.0,Single,24.0,2.0,79.0,125.0,82.0,2.0
2026,19.0,1.0,Single,11.0,5.0,59.0,100.0,60.0,1.0
2026,36.0,2.0,Single,28.0,1.0,98.0,134.0,87.0,0.0
2026,32.0,3.0,Single,19.0,3.0,71.0,106.0,65.0,1.0
2026,21.0,2.0,Single,28.0,1.0,79.0,112.0,70.0,2.0
2026,39.0,5.0,Single,17.0,3.0,95.0,115.0,71.0,1.0
2026,28.0,4.0,Single,33.0,2.0,77.0,132.0,82.0,1.0
2026,34.0,4.0,Single,18.0,2.0,56.0,101.0,61.0,0.0
2026,32.0,3.0,Single,36.0,1.0,78.0,109.0,67.0,2.0
2026,29.0,2.0,Single,24.0,1.0,53.0,125.0,82.0,0.0
2026,33.0,1.0,Single,25.0,2.0,74.0,110.0,70.0,0.0
2026,25.0,1.0,Single,34.0,5.0,52.0,102.0,62.0,0.0
2026,36.0,1.0,Single,19.0,1.0,52.0,118.0,78.0,0.0
2026,22.0,1.0,Single,32.0,3.0,70.0,130.0,80.0,0.0
2026,25.0,1.0,Single,31.0,3.0,62.0,124.0,72.0,0.0
2026,23.0,1.0,Single,28.0,5.0,65.0,124.0,70.0,0.0
2026,25.0,2.0,Single,27.0,2.0,86.0,124.0,72.0,6.0
2026,37.0,3.0,Single,32.0,1.0,56.0,129.0,73.0,2.0
2026,28.0,1.0,Single,25.0,2.0,64.0,114.0,72.0,0.0
2026,24.0,1.0,Single,27.0,3.0,64.0,128.0,72.0,2.0
2026,31.0,4.0,Single,39.0,4.0,82.0,134.0,78.0,2.0
2026,29.0,2.0,Single,34.0,4.0,69.0,121.0,71.0,4.0
2026,26.0,1.0,Single,30.0,4.0,70.0,123.0,71.0,4.0
2026,36.0,1.0,Single,14.0,1.0,81.0,128.0,81.0,4.0
2026,31.0,1.0,Single,24.0,2.0,60.0,110.0,60.0,1.0
2026,28.0,1.0,Single,25.0,6.0,81.0,121.0,78.0,1.0
2026,37.0,5.0,Single,28.0,2.0,60.0,103.0,63.0,0.0
2026,30.0,2.0,Single,37.0,1.0,82.0,119.0,69.0,0.0
2026,24.0,1.0,Single,7.0,1.0,91.0,119.0,65.0,1.0
2026,28.0,4.0,Single,32.0,2.0,85.0,119.0,70.0,1.0
2026,26.0,4.0,Single,34.0,7.0,78.0,119.0,73.0,2.0
2026,23.0,3.0,Single,24.0,5.0,92.0,102.0,67.0,3.0
2026,25.0,2.0,Single,11.0,3.0,62.0,106.0,70.0,3.0
2026,42.0,6.0,Single,28.0,3.0,76.0,128.0,65.0,3.0
2026,23.0,1.0,Single,30.0,6.0,57.0,119.0,70.0,3.0
2026,31.0,2.0,Divorced,14.0,2.0,50.0,118.0,82.0,3.0
2026,30.0,2.0,Married,19.0,6.0,75.0,103.0,57.0,3.0
2026,33.0,3.0,Married,31.0,3.0,62.0,100.0,60.0,3.0
2026,33.0,1.0,Married,28.0,4.0,49.0,125.0,73.0,3.0
2026,23.0,1.0,Married,33.0,5.0,60.0,119.0,79.0,3.0
2026,23.0,4.0,Married,13.0,5.0,58.0,108.0,70.0,3.0
2026,23.0,2.0,Married,34.0,2.0,55.0,117.0,77.0,0.0
2026,25.0,1.0,Single,20.0,2.0,68.0,112.0,71.0,0.0
2026,23.0,1.0,Married,32.0,1.0,75.0,111.0,73.0,0.0
2026,24.0,1.0,Married,34.0,2.0,64.0,109.0,68.0,0.0
2026,24.0,1.0,Married,34.0,1.0,64.0,130.0,88.0,0.0
2026,26.0,5.0,Married,30.0,1.0,68.0,119.0,74.0,0.0
2026,23.0,2.0,Married,24.0,4.0,59.0,118.0,72.0,3.0
2026,34.0,1.0,Married,34.0,3.0,68.0,114.0,70.0,3.0
2026,24.0,4.0,Married,24.0,5.0,63.0,105.0,67.0,3.0
2026,39.0,4.0,Married,17.0,4.0,62.0,119.0,74.0,3.0
2026,30.0,3.0,Married,22.0,2.0,54.0,101.0,64.0,2.0
2026,31.0,2.0,Married,36.0,4.0,74.0,115.0,77.0,2.0
2026,36.0,6.0,Married,19.0,2.0,57.0,110.0,70.0,4.0
2026,28.0,1.0,Married,15.0,2.0,50.0,112.0,68.0,0.0
2026,30.0,2.0,Married,19.0,2.0,51.0,110.0,69.0,0.0
2026,35.0,6.0,Married,21.0,3.0,57.0,149.0,90.0,3.0
2026,30.0,2.0,Married,19.0,4.0,51.0,112.0,68.0,3.0
2026,25.0,2.0,Married,26.0,1.0,60.0,105.0,61.0,0.0
2026,26.0,1.0,Single,15.0,5.0,53.0,123.0,76.0,5.0
2026,30.0,4.0,Married,10.0,4.0,43.0,108.0,67.0,5.0
2026,31.0,1.0,Married,6.0,1.0,51.0,105.0,60.0,0.0
2026,26.0,4.0,Married,17.0,7.0,58.0,113.0,72.0,0.0
2026,27.0,4.0,Married,26.0,2.0,59.0,112.0,70.0,0.0
2026,21.0,3.0,Single,20.0,6.0,55.0,117.0,74.0,0.0
2026,32.0,1.0,Married,32.0,2.0,54.0,116.0,76.0,0.0
2026,34.0,1.0,Married,27.0,6.0,68.0,111.0,62.0,0.0
2026,23.0,3.0,Married,36.0,4.0,65.0,112.0,61.0,5.0
2026,37.0,3.0,Married,16.0,1.0,56.0,126.0,73.0,4.0
2026,28.0,1.0,Married,12.0,6.0,62.0,110.0,66.0,1.0
2026,37.0,1.0,Married,4.0,7.0,51.0,113.0,69.0,0.0
2026,25.0,1.0,Married,31.0,2.0,56.0,112.0,60.0,0.0
2026,43.0,3.0,Married,20.0,2.0,47.0,110.0,60.0,2.0
2026,24.0,1.0,Married,39.0,1.0,65.0,123.0,70.0,1.0
2026,24.0,1.0,Married,28.0,4.0,94.0,109.0,69.0,0.0
2026,36.0,3.0,Married,29.0,5.0,78.0,124.0,72.0,0.0
2026,30.0,1.0,Married,37.0,3.0,61.0,116.0,61.0,3.0
2026,24.0,1.0,Married,24.0,3.0,57.0,119.0,71.0,3.0
2026,35.0,5.0,Married,28.0,2.0,53.0,130.0,82.0,3.0
2026,36.0,1.0,Married,36.0,6.0,84.0,109.0,67.0,3.0
2026,23.0,3.0,Married,7.0,3.0,64.0,110.0,70.0,4.0
2026,36.0,2.0,Married,32.0,6.0,58.0,119.0,71.0,4.0
2026,33.0,1.0,Married,21.0,1.0,55.0,112.0,67.0,4.0
2026,21.0,4.0,Married,19.0,1.0,78.0,125.0,84.0,0.0
2026,27.0,1.0,Married,16.0,2.0,52.0,108.0,67.0,0.0
2026,25.0,4.0,Married,10.0,7.0,87.0,126.0,81.0,2.0
2026,29.0,4.0,Married,15.0,4.0,46.0,112.0,68.0,2.0
2026,22.0,3.0,Married,34.0,2.0,59.0,100.0,62.0,3.0
2026,24.0,1.0,Married,3.0,2.0,59.0,105.0,68.0,0.0
2026,41.0,1.0,Married,19.0,6.0,61.0,114.0,74.0,0.0
2026,30.0,3.0,Married,32.0,1.0,90.0,117.0,72.0,5.0
2026,23.0,3.0,Married,24.0,1.0,68.0,108.0,62.0,0.0
2026,31.0,1.0,Married,10.0,3.0,82.0,103.0,78.0,0.0
2026,28.0,1.0,Married,31.0,2.0,57.0,115.0,79.0,2.0
2026,26.0,2.0,Married,22.0,3.0,58.0,118.0,72.0,0.0
2026,24.0,2.0,Married,31.0,6.0,60.0,119.0,79.0,0.0
2026,32.0,1.0,Married,21.0,5.0,66.0,110.0,70.0,3.0
2026,18.0,3.0,Married,22.0,3.0,55.0,114.0,72.0,3.0
2026,23.0,3.0,Married,27.0,2.0,56.0,102.0,68.0,3.0
2026,23.0,4.0,Married,24.0,1.0,61.0,115.0,78.0,1.0
2026,37.0,2.0,Married,18.0,1.0,52.0,125.0,74.0,0.0
2026,26.0,2.0,Married,36.0,1.0,64.0,112.0,70.0,1.0
2026,34.0,2.0,Married,32.0,3.0,69.0,119.0,71.0,3.0
2026,29.0,2.0,Married,16.0,1.0,54.0,108.0,65.0,3.0
2026,36.0,2.0,Single,36.0,5.0,57.0,116.0,70.0,3.0
2026,38.0,1.0,Married,11.0,2.0,48.0,105.0,60.0,3.0
2026,20.0,2.0,Married,40.0,3.0,89.0,125.0,80.0,3.0
2026,26.0,2.0,Married,32.0,5.0,56.0,111.0,70.0,5.0
2026,40.0,3.0,Married,12.0,3.0,67.0,131.0,83.0,1.0
2026,23.0,2.0,Married,38.0,4.0,62.0,123.0,77.0,4.0
2026,38.0,1.0,Married,21.0,2.0,64.0,120.0,79.0,2.0
2026,35.0,1.0,Married,36.0,3.0,75.0,119.0,74.0,2.0
2026,27.0,5.0,Married,16.0,2.0,53.0,115.0,78.0,2.0
2026,32.0,2.0,Married,27.0,1.0,61.0,109.0,69.0,1.0
2026,26.0,2.0,Married,11.0,3.0,40.0,110.0,70.0,3.0
2026,36.0,4.0,Married,32.0,4.0,68.0,131.0,81.0,3.0
2026,30.0,2.0,Married,16.0,7.0,96.0,119.0,79.0,0.0
2026,34.0,2.0,Married,32.0,4.0,75.0,110.0,72.0,0.0
2026,24.0,4.0,Married,12.0,1.0,64.0,125.0,79.0,1.0
2026,28.0,1.0,Married,32.0,6.0,55.0,109.0,67.0,3.0
2026,31.0,1.0,Married,14.0,6.0,59.0,108.0,65.0,3.0
2026,28.0,2.0,Married,36.0,3.0,78.0,112.0,70.0,0.0
2026,21.0,1.0,Married,13.0,2.0,65.0,117.0,78.0,2.0
2026,24.0,3.0,Married,30.0,3.0,56.0,106.0,68.0,3.0
2026,32.0,2.0,Married,19.0,3.0,53.0,112.0,71.0,3.0
2026,27.0,4.0,Married,20.0,5.0,68.0,110.0,72.0,3.0
2026,35.0,4.0,Married,13.0,6.0,51.0,119.0,70.0,3.0
2026,29.0,1.0,Married,28.0,5.0,82.0,113.0,75.0,3.0
2026,28.0,2.0,Married,20.0,3.0,60.0,115.0,71.0,3.0
2026,32.0,1.0,Married,36.0,3.0,55.0,102.0,68.0,0.0
2026,31.0,1.0,Married,30.0,2.0,63.0,118.0,74.0,0.0
2026,25.0,2.0,Married,21.0,1.0,48.0,111.0,69.0,0.0
2026,27.0,1.0,Married,13.0,3.0,60.0,114.0,72.0,3.0
2026,37.0,2.0,Married,13.0,3.0,161.0,120.0,80.0,1.0
2026,26.0,3.0,Married,21.0,6.0,152.0,118.0,72.0,0.0
2026,27.0,2.0,Married,18.0,6.0,156.0,114.0,76.0,3.0
2026,22.0,5.0,Married,38.0,1.0,158.0,118.0,72.0,1.0
2026,36.0,4.0,Married,34.0,3.0,156.0,119.0,70.0,1.0
2026,28.0,4.0,Married,16.0,1.0,164.0,131.0,82.0,0.0
2026,30.0,3.0,Married,32.0,2.0,156.0,131.0,82.0,2.0
2026,38.0,2.0,Married,11.0,2.0,163.0,119.0,72.0,2.0
2026,20.0,1.0,Married,40.0,1.0,179.0,125.0,80.0,1.0
2026,23.0,1.0,Married,17.0,3.0,152.0,105.0,60.0,1.0
2026,32.0,1.0,Married,28.0,1.0,158.0,114.0,73.0,0.0
2026,30.0,1.0,Married,23.0,3.0,156.0,109.0,60.0,0.0
2026,24.0,1.0,Married,18.0,7.0,162.0,119.0,66.0,0.0
2026,25.0,1.0,Married,24.0,2.0,160.0,102.0,68.0,1.0
2026,33.0,2.0,Married,19.0,2.0,151.0,129.0,83.0,1.0
2026,27.0,3.0,Married,24.0,1.0,161.0,129.0,83.0,1.0
2026,28.0,1.0,Married,10.0,3.0,160.0,110.0,68.0,1.0
2026,30.0,1.0,Married,28.0,5.0,171.0,117.0,74.0,3.0
2026,26.0,4.0,Married,23.0,2.0,159.0,112.0,72.0,0.0
2026,29.0,2.0,Married,27.0,4.0,162.0,132.0,77.0,3.0
2026,24.0,1.0,Married,30.0,2.0,154.0,116.0,73.0,3.0
2026,26.0,1.0,Married,28.0,3.0,155.0,119.0,62.0,0.0
2026,26.0,1.0,Married,24.0,5.0,163.0,110.0,66.0,1.0
2026,23.0,1.0,Married,5.0,1.0,162.0,102.0,65.0,1.0
2026,23.0,5.0,Married,28.0,4.0,168.0,112.0,65.0,1.0
2026,24.0,2.0,Married,32.0,3.0,157.0,103.0,65.0,1.0
2026,30.0,1.0,Married,27.0,4.0,163.0,110.0,66.0,1.0
2026,32.0,4.0,Married,24.0,1.0,157.0,105.0,65.0,2.0
2026,26.0,4.0,Married,33.0,3.0,147.0,99.0,59.0,0.0
2026,38.0,3.0,Married,19.0,6.0,190.0,114.0,72.0,0.0
2026,28.0,2.0,Married,22.0,3.0,164.0,114.0,70.0,1.0
2026,36.0,6.0,Married,25.0,2.0,154.0,105.0,70.0,1.0
2026,23.0,1.0,Married,30.0,2.0,180.0,138.0,82.0,3.0
2026,27.0,2.0,Divorced,21.0,8.0,153.0,118.0,82.0,0.0
2026,24.0,3.0,Married,17.0,5.0,160.0,115.0,77.0,3.0
2026,32.0,2.0,Married,22.0,2.0,162.0,118.0,65.0,3.0
2026,26.0,5.0,Married,9.0,5.0,165.0,105.0,60.0,2.0
2026,31.0,4.0,Married,13.0,4.0,171.0,136.0,76.0,1.0
2026,27.0,4.0,Married,24.0,3.0,161.0,126.0,71.0,4.0
2026,30.0,3.0,Married,28.0,1.0,166.0,118.0,76.0,3.0
2026,32.0,2.0,Married,33.0,3.0,151.0,119.0,75.0,0.0
2026,28.0,1.0,Married,35.0,6.0,75.0,116.0,76.0,1.0
2026,28.0,1.0,Married,32.0,7.0,60.0,103.0,63.0,3.0
2026,26.0,1.0,Married,32.0,2.0,62.0,116.0,76.0,7.0
2026,36.0,1.0,Married,28.0,4.0,53.0,101.0,69.0,2.0
2026,21.0,1.0,Married,7.0,4.0,61.0,104.0,73.0,1.0
2026,32.0,1.0,Married,24.0,6.0,81.0,103.0,66.0,0.0
2026,23.0,2.0,Married,23.0,6.0,63.0,121.0,73.0,5.0
2026,26.0,3.0,Married,27.0,2.0,69.0,104.0,69.0,3.0
2026,27.0,1.0,Married,14.0,1.0,60.0,116.0,61.0,4.0
2026,32.0,1.0,Married,35.0,2.0,49.0,115.0,69.0,4.0
2026,26.0,4.0,Married,19.0,1.0,68.0,96.0,61.0,0.0
2026,28.0,2.0,Married,24.0,1.0,74.0,94.0,56.0,2.0
2026,22.0,1.0,Married,27.0,2.0,62.0,102.0,62.0,3.0
2026,28.0,1.0,Married,21.0,3.0,63.0,113.0,75.0,2.0
2026,26.0,1.0,Married,28.0,4.0,71.0,112.0,72.0,3.0
2026,34.0,1.0,Married,22.0,1.0,84.0,104.0,65.0,5.0
2026,24.0,5.0,Married,27.0,3.0,64.0,109.0,64.0,1.0
2026,23.0,2.0,Married,18.0,4.0,73.0,119.0,68.0,4.0
2026,31.0,1.0,Married,22.0,2.0,61.0,117.0,69.0,0.0
2026,26.0,4.0,Married,9.0,4.0,67.0,119.0,69.0,1.0
2026,31.0,4.0,Married,21.0,4.0,94.0,111.0,67.0,6.0
2026,27.0,1.0,Married,30.4,3.0,69.0,113.0,66.0,1.0
2026,27.0,2.0,Married,15.0,3.0,59.0,125.0,75.0,2.0
2026,23.0,2.0,Married,15.0,1.0,59.0,159.0,125.0,4.0
2026,36.0,4.0,Married,19.0,1.0,67.0,107.0,64.0,0.0
2026,35.0,4.0,Married,15.0,2.0,62.0,111.0,70.0,0.0
2026,28.0,1.0,Married,27.0,1.0,59.0,100.0,60.0,2.0
2026,36.0,4.0,Married,19.0,1.0,67.0,107.0,64.0,2.0
2026,41.0,9.0,Married,26.0,1.0,82.0,114.0,70.0,3.0
2026,26.0,2.0,Married,20.0,3.0,76.0,112.0,68.0,0.0
2026,35.0,2.0,Married,19.0,3.0,51.0,149.0,60.0,0.0
2026,26.0,2.0,Married,36.0,6.0,72.0,92.0,61.0,5.0
2026,25.0,1.0,Married,25.0,5.0,65.0,106.0,56.0,0.0
2026,30.0,1.0,Married,10.0,3.0,93.0,93.0,57.0,0.0
2026,31.0,1.0,Married,17.0,1.0,81.0,107.0,70.0,2.0
2026,34.0,5.0,Married,20.0,2.0,84.0,104.0,56.0,0.0
2026,23.0,1.0,Married,27.0,4.0,67.0,110.0,59.0,0.0
2026,20.0,1.0,Married,18.0,2.0,73.0,110.0,58.0,3.0
2026,28.0,1.0,Married,32.0,7.0,61.0,110.0,68.0,3.0
2026,31.0,1.0,Married,9.0,1.0,67.0,119.0,67.0,3.0
2026,27.0,3.0,Married,21.0,6.0,94.0,111.0,67.0,1.0
2026,32.0,1.0,Married,32.0,5.0,69.0,139.0,86.0,0.0
2026,29.0,2.0,Married,15.0,1.0,59.0,125.0,75.0,1.0
2026,26.0,1.0,Married,9.0,2.0,62.0,112.0,63.0,3.0
2026,20.0,4.0,Married,32.0,2.0,63.0,98.0,78.0,3.0
2026,32.0,1.0,Married,28.0,1.0,55.0,106.0,61.0,3.0
2026,24.0,1.0,Married,7.0,3.0,81.0,123.0,73.0,3.0
2026,38.0,2.0,Married,16.0,2.0,73.0,118.0,67.0,3.0
2026,25.0,4.0,Married,20.0,4.0,75.0,107.0,76.0,5.0
2026,29.0,2.0,Married,14.0,1.0,77.0,105.0,67.0,1.0
2026,19.0,3.0,Married,21.0,1.0,57.0,119.0,82.0,1.0
2026,34.0,1.0,Married,34.0,1.0,50.0,123.0,84.0,1.0
2026,35.0,2.0,Married,18.0,2.0,68.0,117.0,71.0,1.0
2026,23.0,1.0,Married,24.0,1.0,77.0,110.0,68.0,2.0
2026,22.0,1.0,Married,36.0,3.0,54.0,93.0,56.0,0.0
2026,33.0,3.0,Married,22.0,4.0,80.0,123.0,79.0,0.0
2026,24.0,1.0,Married,18.0,1.0,73.0,116.0,76.0,1.0
2026,33.0,3.0,Married,22.0,1.0,67.0,119.0,67.0,1.0
2026,23.0,2.0,Married,26.0,1.0,67.0,123.0,76.0,3.0
2026,28.0,1.0,Married,33.0,4.0,63.0,103.0,63.0,0.0
2026,28.0,5.0,Married,27.0,6.0,74.0,109.0,67.0,3.0
2026,36.0,2.0,Married,19.0,1.0,67.0,107.0,64.0,3.0
2026,41.0,1.0,Married,26.0,1.0,82.0,114.0,70.0,2.0
2026,26.0,2.0,Married,20.0,3.0,76.0,112.0,68.0,1.0
2026,35.0,3.0,Married,19.0,3.0,51.0,149.0,60.0,4.0
2026,26.0,4.0,Married,36.0,6.0,72.0,92.0,61.0,3.0
2026,25.0,1.0,Married,25.0,5.0,65.0,106.0,56.0,0.0
2026,30.0,4.0,Married,10.0,3.0,93.0,93.0,57.0,1.0
2026,31.0,9.0,Married,17.0,1.0,81.0,107.0,70.0,3.0
2026,34.0,2.0,Divorced,20.0,2.0,84.0,104.0,56.0,7.0
2026,23.0,2.0,Married,27.0,4.0,67.0,110.0,59.0,2.0
2026,20.0,2.0,Married,18.0,2.0,73.0,110.0,58.0,1.0
2026,28.0,1.0,Married,32.0,7.0,61.0,110.0,68.0,0.0
2026,31.0,1.0,Married,9.0,1.0,67.0,119.0,67.0,5.0
2026,27.0,1.0,Married,21.0,6.0,94.0,111.0,67.0,3.0
2026,32.0,5.0,Married,32.0,5.0,69.0,139.0,86.0,4.0
2026,29.0,1.0,Married,15.0,1.0,59.0,125.0,75.0,4.0
2026,26.0,1.0,Married,9.0,2.0,62.0,112.0,63.0,0.0
2026,20.0,1.0,Married,32.0,2.0,63.0,98.0,78.0,0.0
2026,32.0,1.0,Married,28.0,1.0,55.0,106.0,61.0,3.0
2026,24.0,3.0,Married,7.0,3.0,81.0,123.0,73.0,3.0
2026,32.0,1.0,Married,24.0,1.0,61.0,106.0,64.0,3.0
2026,26.0,2.0,Married,33.0,5.0,79.0,100.0,69.0,3.0
2026,30.0,1.0,Married,27.0,6.0,69.0,103.0,66.0,2.0
2026,24.0,4.0,Married,38.0,7.0,85.0,103.0,61.0,2.0
2026,26.0,1.0,Married,25.0,6.0,59.0,112.0,71.0,4.0
2026,38.0,1.0,Married,33.0,2.0,65.0,103.0,76.0,0.0
2026,27.0,3.0,Married,14.0,1.0,60.0,111.0,62.0,0.0
2026,32.0,1.0,Married,35.0,5.0,49.0,130.0,72.0,3.0
2026,26.0,2.0,Married,30.0,2.0,68.0,109.0,64.0,3.0
2026,28.0,1.0,Married,24.0,5.0,74.0,94.0,56.0,0.0
2026,22.0,4.0,Married,23.0,1.0,63.0,102.0,62.0,5.0
2026,33.0,1.0,Married,21.0,4.0,62.0,113.0,75.0,5.0
2026,26.0,1.0,Married,37.0,5.0,71.0,112.0,72.0,0.0
2026,20.0,2.0,Married,30.0,6.0,55.0,100.0,68.0,0.0
2026,28.0,4.0,Married,33.0,5.0,75.0,116.0,76.0,0.0
2026,28.0,2.0,Married,33.0,4.0,63.0,103.0,63.0,0.0
2026,28.0,3.0,Single,27.0,6.0,74.0,109.0,67.0,0.0
2026,37.0,1.0,Single,13.0,1.0,61.0,110.0,71.0,0.0
2026,27.0,2.0,Married,21.0,2.0,52.0,104.0,69.0,5.0
2026,24.0,1.0,Married,30.0,3.0,48.0,109.0,64.0,4.0
2026,31.0,1.0,Divorced,12.0,5.0,68.0,132.0,77.0,1.0
2026,23.0,3.0,Married,28.0,2.0,55.0,102.0,64.0,0.0
2026,26.0,1.0,Married,19.0,1.0,64.0,115.0,73.0,0.0
2026,32.0,3.0,Married,36.0,4.0,70.0,120.0,80.0,0.0
2026,29.0,2.0,Married,22.0,3.0,58.0,108.0,65.0,1.0
2026,35.0,1.0,Married,15.0,2.0,62.0,111.0,70.0,1.0
2026,28.0,5.0,Married,27.0,1.0,59.0,100.0,60.0,3.0
2026,36.0,2.0,Married,19.0,1.0,67.0,107.0,64.0,1.0
2026,41.0,1.0,Married,26.0,1.0,82.0,114.0,70.0,0.0
2026,26.0,2.0,Married,20.0,3.0,76.0,112.0,68.0,0.0
2026,35.0,3.0,Married,19.0,3.0,51.0,149.0,60.0,5.0
2026,26.0,4.0,Married,36.0,6.0,72.0,92.0,61.0,5.0
2026,25.0,1.0,Married,25.0,5.0,65.0,106.0,56.0,3.0
2026,30.0,4.0,Divorced,10.0,3.0,93.0,93.0,57.0,3.0
2026,31.0,5.0,Divorced,17.0,1.0,81.0,107.0,70.0,5.0
2026,34.0,2.0,Married,20.0,2.0,84.0,104.0,56.0,5.0
2026,23.0,1.0,Married,27.0,4.0,67.0,110.0,59.0,1.0
2026,20.0,2.0,Married,18.0,2.0,73.0,110.0,58.0,3.0
2026,28.0,3.0,Married,32.0,7.0,61.0,110.0,68.0,0.0
2026,31.0,4.0,Married,9.0,1.0,67.0,119.0,67.0,0.0
2026,27.0,1.0,Married,21.0,6.0,94.0,111.0,67.0,0.0
2026,32.0,4.0,Married,32.0,5.0,69.0,139.0,86.0,1.0
2026,29.0,9.0,Married,15.0,1.0,59.0,125.0,75.0,0.0
2026,26.0,2.0,Married,9.0,2.0,62.0,112.0,63.0,0.0
2026,20.0,2.0,Married,32.0,2.0,63.0,98.0,78.0,3.0
2026,,,,,,,,,
2026,,,,,,,,,
2026,,,,,,,,,
2026,,,,,,,,,
2026,,,,,,,,,
2026,,,,,,,,,
2026,,,,,,,,,
2026,,,,,,,,,
2026,,,,,,,,,
2026,,,,,,,,,
2026,,,,,,,,,
2026,,,,,,,,,
2026,,,,,,,,,
2026,,,,,,,,,
2026,,,,,,,,,
2026,,,,,,,,,
2026,,,,,,,,,
2026,,,,,,,,,
2026,,,,,,,,,
2026,,,,,,,,,
2026,,,,,,,,,
2026,,,,,,,,,
2026,,,,,,,,,
2026,,,,,,,,,
2026,,,,,,,,,
2026,,,,,,,,,
2026,,,,,,,,,
2026,,,,,,,,,
2026,,,,,,,,,
2026,,,,,,,,,
2026,,,,,,,,,
2026,,,,,,,,,
